protein_id	protein_description	protein_length	Peptide	start_position	end_position	last_aa	aa_after	aa_before	following_10_resid	previous_10_resid	previous_all_resid	semi_type	specificity
P07355	Annexin A2	339	SGHLETVILGLLK	92	104	K	T	L	TPAQYDASEL	ELASALKSAL	STVHEILCKLSLEGDHSTPPSAYGSVKAYTNFDAERDALNIETAIKTKGVDEVTIVNILTNRSNAQRQDIAFAYQRRTKKELASALKSAL	semi_Nterm	semi_specific
P27105	Erythrocyte band 7 integral membrane protein	288	EASMVITESPAALQLR	236	251	R	Y	K	YLQTLTTIAA	GEMNASRALK	AEKRHTRDSEAQRLPDSFKDSPSKGLGPCGWILVAFSFLFTVITFPISIWMCIKIIKEYERAIIFRLGRILQGGAKGPGLFFILPCTDSFIKVDMRTISFDIPPQEILTKDSVTISVDGVVYYRVQNATLAVANITNADSATRLLAQTTLRNVLGTKNLSQILSDREEIAHNMQSTLDDATDAWGIKVERVEIKDVKLPVQLQRAMAAEAEASREARAKVIAAEGEMNASRALK	specific	specific
P62244	40S ribosomal protein S15a	130	TTSAGIMDHEEAR	105	117	R	R	L	RKHTGGKILG	PSRQFGFIVL	VRMNVLADALKSINNAEKRGKRQVLIRPCSKVIVRFLTVMMKHGYIGEFEIIDDHRAGKIVVNLTGRLNKCGVISPRFDVQLKDLEKWQNNLLPSRQFGFIVL	semi_Nterm	semi_specific
Q8IYB3	Serine/arginine repetitive matrix protein 1	904	MMQINLTGFLNGK	84	96	K	N	K	"NAREFMGELW"	QLEVKNPDSK	DAGFFRGTSAEQDNRFSNKQKKLLKQLKFAECLEKKVDMSKVNLEVIKPWITKRVTEILGFEDDVVIEFIFNQLEVKNPDSK	specific	specific
P01023	Alpha-2-macroglobulin	1474	HYDGSYSTFGER	1020	1031	R	Y	K	YGRNQGNTWL	TGYQRQLNYK	GKNKLLHPSLVLLLLVLLPTDASVSGKPQYMVLVPSLLHTETTEKGCVLLSYLNETVTVSASLESVRGNRSLFTDLEAENDVLHCVAFAVPKSSSNEEVMFLTVQVKGPTQEFKKRTTVMVKNEDSLVFVQTDKSIYKPGQTVKFRVVSMDENFHPLNELIPLVYIQDPKGNRIAQWQSFQLEGGLKQFSFPLSSEPFQGSYKVVVQKKSGGRTEHPFTVEEFVLPKFEVQVTVPKIITILEEEMNVSVCGLYTYGKPVPGHVTVSICRKYSDASDCHGEDSQAFCEKFSGQLNSHGCFYQQVKTKVFQLKRKEYEMKLHTEAQIQEEGTVVELTGRQSSEITRTITKLSFVKVDSHFRQGIPFFGQVRLVDGKGVPIPNKVIFIRGNEANYYSNATTDEHGLVQFSINTTNVMGTSLTVRVNYKDRSPCYGYQWVSEEHEEAHHTAYLVFSPSKSFVHLEPMSHELPCGHTQTVQAHYILNGGTLLGLKKLSFYYLIMAKGGIVRTGTHGLLVKQEDMKGHFSISIPVKSDIAPVARLLIYAVLPTGDVIGDSAKYDVENCLANKVDLSFSPSQSLPASHAHLRVTAAPQSVCALRAVDQSVLLMKPDAELSASSVYNLLPEKDLTGFPGPLNDQDNEDCINRHNVYINGITYTPVSSTNEKDMYSFLEDMGLKAFTNSKIRKPKMCPQLQQYEMHGPEGLRVGFYESDVMGRGHARLVHVEEPHTETVRKYFPETWIWDLVVVNSAGVAEVGVTVPDTITEWKAGAFCLSEDAGLGISSTASLRAFQPFFVELTMPYSVIRGEAFTLKATVLNYLPKCIRVSVQLEASPAFLAVPVEKEQAPHCICANGRQTVSWAVTPKSLGNVNFTVSAEALESQELCGTEVPSVPEHGRKDTVIKPLLVEPEGLEKETTFNSLLCPSGGEVSEELSLKLPPNVVEESARASVSVLGDILGSAMQNTQNLLQMPYGCGEQNMVLFAPNIYVLDYLNETQQLTPEIKSKAIGYLNTGYQRQLNYK	specific	specific
O60749	Sorting nexin-2	519	YLESLVQTQQQLIK	493	506	K	Y	K	YWEAFLPEAK	VKDFKTVIIK	AAEREPPPLGDGKPTDFEDLEDGEDLFTSTVSTLESSPSSPEPASLPAEDISANSNGPKPTEVVLDDDREDLFAEATEEVSLDSPEREPILSSEPSPAVTPVTPTTLIAPRIESKSMSAPVIFDRSREEIEEEANGDIFDIEIGVSDPEKVGDGMNAYMAYRVTTKTSLSMFSKSEFSVKRRFSDFLGLHSKLASKYLHVGYIVPPAPEKSIVGMTKVKVGKEDSSSTEFVEKRRAALERYLQRTVKHPTLLQDPDLRQFLESSELPRAVNTQALSGAGILRMVNKAADAVNKMTIKMNESDAWFEEKQQQFENLDQQLRKLHVSVEALVCHRKELSANTAAFAKSAAMLGNSEDHTALSRALSQLAEVEEKIDQLHQEQAFADFYMFSELLSDYIRLIAAVKGVFDHRMKCWQKWEDAQITLLKKREAEAKMMVANKPDKIQQAKNEIREWEAKVQQGERDFEQISKTIRKEVGRFEKERVKDFKTVIIK	specific	specific
Q16850	Lanosterol 14-alpha demethylase	503	NEDLNAEDVYSR	122	133	R	L	K	LTTPVFGKGV	DAAALLFNSK	LLLGLLQAGGSVLGQAMEKVTGGNLLSMLLIACAFTLSLVYLIRLAAGHLVQLPAGVKSPPYIFSPIPFLGHAIAFGKSPIEFLENAYEKYGPVFSFTMVGKTFTYLLGSDAAALLFNSK	specific	specific
Q6P3X3	Tetratricopeptide repeat protein 27	843	VTNDGEIWR	705	713	R	L	R	LYAHVYGNGQ	QELFGRVTSR	WTPELAILRGFPTEAERQQWKQEGVVGSESGSFLQLLLEGNYEAIFLNSMTQNIFNSTTTAEEKIDSYLEKQVVTFLDYSTDLDTTERQQLIFLLGVSSLQLFVQSNWTGPPVDLHPQDFLSSVLFQQFSEVKGLDAFVLSLLTLDGESIYSLTSKPILLLLARIILVNVRHKLTAIQSLPWWTLRCVNIHQHLLEERSPLLFTLAENCIDQVMKLQNLFVDDSGRYLAIQFHLECAYVFLYYYEYRKAKDQLDIAKDISQLQIDLTGALGKRTRFQENYVAQLILDVRREGDVLSNCEFTPAPTPQEHLTKNLELNDDTILNDIKLADCEQFQMPDLCAEEIAIILGICTNFQKNNPVHTLTEVELLAFTSCLLSQPKFWAIQTSALILRTKLEKGSTRRVERAMRQTQALADQFEDKTTSVLERLKIFYCCQVPPHWAIQRQLASLLFELGCTSSALQIFEKLEMWEDVVICYERAGQHGKAEEILRQELEKKETPSLYCLLGDVLGDHSCYDKAWELSRYRSARAQRSKALLHLRNKEFQECVECFERSVKINPMQLGVWFSLGCAYLALEDYQGSAKAFQRCVTLEPDNAEAWNNLSTSYIRLKQKVKAFRTLQEALKCNYEHWQIWENYILTSTDVGEFSEAIKAYHRLLDLRDKYKDVQVLKILVRAVIDGMTDRSGDVATGLKGKLQELFGRVTSR	specific	specific
Q6UWE0	E3 ubiquitin-protein ligase LRSAM1	723	SIGNLTQLQTLNVK	122	135	K	D	R	DNKLKELPDT	ERNQLMQLPR	PLFFRKRKPSEEARKRLEYQMCLAKEAGADDILDISKCELSEIPFGAFATCKVLQKKVLIVHTNHLTSLLPKSCSLLSLATIKVLDLHDNQLTALPDDLGQLTALQVLNVERNQLMQLPR	specific	specific
O15067	Phosphoribosylformylglycinamidine synthase	1338	PIMFSGGIGSMEADHISK	423	440	K	E	K	EAPEPGMEVV	PDGQRREWIK	SPVLHFYVRPSGHEGAAPGHTRRKLQGKLPELQGVETELCYNVNWTAEALPSAEETKKLMWLFGCPLLLDDVARESWLLPGSNDLLLEVGPRLNFSTPTSTNIVSVCRATGLGPVDRVETTRRYRLSFAHPPSAEVEAIALATLHDRMTEQHFPHPIQSFSPESMPEPLNGPINILGEGRLALEKANQELGLALDSWDLDFYTKRFQELQRNPSTVEAFDLAQSNSEHSRHWFFKGQLHVDGQKLVHSLFESIMSTQESSNPNNVLKFCDNSSAIQGKEVRFLRPEDPTRPSRFQQQQGLRHVVFTAETHNFPTGVCPFSGATTGTGGRIRDVQCTGRGAHVVAGTAGYCFGNLHIPGYNLPWEDPSFQYPGNFARPLEVAIEASNGASDYGNKFGEPVLAGFARSLGLQLPDGQRREWIK	specific	specific
Q9NZ08	Endoplasmic reticulum aminopeptidase 1	941	ILASTQFEPTAAR	176	188	R	M	R	MAFPCFDEPA	TYRTKEGELR	VFLPLKWSLATMSFLLSSLLALLTVSTPSWCQSTEASPKRSDGTPFPWNKIRLPEYVIPVHYDLLIHANLTTLTFWGTTKVEITASQPTSTIILHSHHLQISRATLRKGAGERLSEEPLQVLEHPRQEQIALLAPEPLLVGLPYTVVIHYAGNLSETFHGFYKSTYRTKEGELR	specific	specific
Q9BQ95	Evolutionarily conserved signaling intermediate in Toll pathway, mitochondrial	431	WIQGLQETNPTLAQIPVVFR	373	392	R	L	K	LAGSTRELQT	GAHDQATMAK	SWVQATLLARGLCRAWGGTCGAALTGTSISQVPRRLPRGLHCSAAAHSSEQSLVPSPPEPRQRPTKALVPFEDLFGQAPGGERDKASFLQTVQKFAEHSVRKRGHIDFIYLALRKMREYGVERDLAVYNQLLNIFPKEVFRPRNIIQRIFVHYPRQQECGIAVLEQMENHGVMPNKETEFLLIQIFGRKSYPMLKLVRLKLWFPRFMNVNPFPVPRDLPQDPVELAMFGLRHMEPDLSARVTIYQVPLPKDSTGAADPPQPHIVGIQSPDQQAALARHNPARPVFVEGPFSLWLRNKCVYYHILRADLLPPEEREVEETPEEWNLYYPMQLDLEYVRSGWDNYEFDINEVEEGPVFAMCMAGAHDQATMAK	specific	specific
P13498	Cytochrome b-245 light chain	195	GEQWTPIEPK	128	137	K	P	R	PRERPQIGGT	SGIYLLAAVR	GQIEWAMWANEQALASGLILITGGIVATAGRFTQWYFGAYSIVAGVFVCLLEYPRGKRKKGSTMERWGQKYMTAVVKLFGPFTRNYYVRAVLHLLLSVPAGFLLATILGTACLAIASGIYLLAAVR	specific	specific
Q9UN86	Ras GTPase-activating protein-binding protein 2	482	FMQTFVLAPEGSVPNK	108	123	K	F	K	FYVHNDMFRY	LSNSGQPERK	VMEKPSPLLVGREFVRQYYTLLNKAPEYLHRFYGRNSSYVHGGVDASGKPQEAVYGQNDIHHKVLSLNFSECHTKIRHVDAHATLSDGVVVQVMGLLSNSGQPERK	specific	specific
Q8N8N7	Prostaglandin reductase 2	351	FEPGILQLSQWFK	296	308	K	E	K	EGKLKIKETV	RFLVLNYKDK	IVQRVVLNSRPGKNGNPVAENFRMEEVYLPDNINEGQVQVRTLYLSVDPYMRCRMNEDTGTDYITPWQLSQVVDGGGIGIIEESKHTNLTKGDFVTSFYWPWQTKVILDGNSLEKVDPQLVDGHLSYFLGAIGMPGLTSLIGIQEKGHITAGSNKTMVVSGAAGACGSVAGQIGHFLGCSRVVGICGTHEKCILLTSELGFDAAINYKKDNVAEQLRESCPAGVDVYFDNVGGNISDTVISQMNENSHIILCGQISQYNKDVPYPPPLSPAIEAIQKERNITRERFLVLNYKDK	specific	specific
P00533	Epidermal growth factor receptor	1210	PYDGIPASEISSILEK	914	929	K	G	K	GERLPQPPIC	VWELMTFGSK	RPSGTAGAALLALLAALCPASRALEEKKVCQGTSNKLTQLGTFEDHFLSLQRMFNNCEVVLGNLEITYVQRNYDLSFLKTIQEVAGYVLIALNTVERIPLENLQIIRGNMYYENSYALAVLSNYDANKTGLKELPMRNLQEILHGAVRFSNNPALCNVESIQWRDIVSSDFLSNMSMDFQNHLGSCQKCDPSCPNGSCWGAGEENCQKLTKIICAQQCSGRCRGKSPSDCCHNQCAAGCTGPRESDCLVCRKFRDEATCKDTCPPLMLYNPTTYQMDVNPEGKYSFGATCVKKCPRNYVVTDHGSCVRACGADSYEMEEDGVRKCKKCEGPCRKVCNGIGIGEFKDSLSINATNIKHFKNCTSISGDLHILPVAFRGDSFTHTPPLDPQELDILKTVKEITGFLLIQAWPENRTDLHAFENLEIIRGRTKQHGQFSLAVVSLNITSLGLRSLKEISDGDVIISGNKNLCYANTINWKKLFGTSGQKTKIISNRGENSCKATGQVCHALCSPEGCWGPEPRDCVSCRNVSRGRECVDKCNLLEGEPREFVENSECIQCHPECLPQAMNITCTGRGPDNCIQCAHYIDGPHCVKTCPAGVMGENNTLVWKYADAGHVCHLCHPNCTYGCTGPGLEGCPTNGPKIPSIATGMVGALLLLLVVALGIGLFMRRRHIVRKRTLRRLLQERELVEPLTPSGEAPNQALLRILKETEFKKIKVLGSGAFGTVYKGLWIPEGEKVKIPVAIKELREATSPKANKEILDEAYVMASVDNPHVCRLLGICLTSTVQLITQLMPFGCLLDYVREHKDNIGSQYLLNWCVQIAKGMNYLEDRRLVHRDLAARNVLVKTPQHVKITDFGLAKLLGAEEKEYHAEGGKVPIKWMALESILHRIYTHQSDVWSYGVTVWELMTFGSK	specific	specific
NA	NA	NA	AQYELIAQR	NA	NA	NA	NA	NA	NA	NA	NA	specific	specific
Q9BZL4	Protein phosphatase 1 regulatory subunit 12C	782	STQGVTLTDLK	559	569	K	E	R	EAEKAAGKAP	RSRLMRQSRR	SGEDGPAAGPGAAAAAARERRREQLRQWGARAGAEPGPGERRARTVRFERAAEFLAACAGGDLDEARLMLRAADPGPGAELDPAAPPPARAVLDSTNADGISALHQACIDENLEVVRFLVEQGATVNQADNEGWTPLHVAASCGYLDIARYLLSHGANIAAVNSDGDLPLDLAESDAMEGLLKAEIARRGVDVEAAKRAEEELLLHDTRCWLNGGAMPEARHPRTGASALHVAAAKGYIEVMRLLLQAGYDPELRDGDGWTPLHAAAHWGVEDACRLLAEHGGGMDSLTHAGQRPCDLADEEVLSLLEELARKQEDLRNQKEASQSRGQEPQAPSSSKHRRSSVCRLSSREKISLQDLSKERRPGGAGGPPIQDEDEGEEGPTEPPPAEPRTLNGVSSPPHPSPKSPVQLEEAPFSRRFGLLKTGSSGALGPPERRTAEGAPGAGLQRSASSSWLEGTSTQAKELRLARITPTPSPKLPEPSVLSEVTKPPPCLENSSPPSRIPEPESPAKPNVPTASTAPPADSRDRRRSYQMPVRDEESESQRKARSRLMRQSRR	specific	specific
Q00341	Vigilin	1268	FPEVIINFPDPAQK	537	550	K	S	K	SDIVQLRGPK	GERIREIRDK	SSVAVLTQESFAEHRSGLVPQQIKVATLNSEEESDPPTYKDAFPPLPEKAACLESAQEPSGAWGNKIRPIKASVITQVFHVPLEERKYKDMNQFGEGEQAKICLEIMQRTGAHLELSLAKDQGLSIMVSGKLDAVMKARKDIVARLQTQASATVAIPKEHHRFVIGKNGEKLQDLELKTATKIQIPRPDDPSNQIKITGTKEGIEKARHEVLLISAEQDKRAVERLEVEKAFHPFIAGPYNRLVGEIMQETGTRINIPPPSVNRTEIVFTGEKEQLAQAVARIKKIYEEKKKKTTTIAVEVKKSQHKYVIGPKGNSLQEILERTGVSVEIPPSDSISETVILRGEPEKLGQALTEVYAKANSFTVSSVAAPSWLHRFIIGKKGQNLAKITQQMPKVHIEFTEGEDKITLEGPTEDVNVAQEQIEGMVKDLINRMDYVEINIDHKFHRHLIGKSGANINRIKDQYKVSVRIPPDSEKSNLIRIEGDPQGVQQAKRELLELASRMENERTKDLIIEQRFHRTIIGQKGERIREIRDK	specific	specific
Q7L2E3	ATP-dependent RNA helicase DHX30	1194	AIFQQPPVGVR	715	725	R	K	K	KIVLATNIAE	HSNIPMMDQK	FSLDSFRKDRAQHRQRQCKLPPPRLPPMCVNPTPGGTISRASRDLLKEFPQPKNLLNSVIGRALGISHAKDKLVYVHTNGPKKKKVTLHIKWPKSVEVEGYGSKKIDAERQAAAAACQLFKGWGLLGPRNELFDAAKYRVLADRFGSPADSWWRPEPTMPPTSWRQLNPESIRPGGPGGLSRSLGREEEEDEEEELEEGTIDVTDFLSMTQQDSHAPLRDSRGSSFEMTDDDSAIRALTQFPLPKNLLAKVIQIATSSSTAKNLMQFHTVGTKTKLSTLTLLWPCPMTFVAKGRRKAEAENKAAALACKKLKSLGLVDRNNEPLTHAMYNLASLRELGETQRRPCTIQVPEPILRKIETFLNHYPVESSWIAPELRLQSDDILPLGKDSGPLSDPITGKPYVPLLEAEEVRLSQSLLELWRRRGPVWQEAPQLPVDPHRDTILNAIEQHPVVVISGDTGCGKTTRIPQLLLERYVTEGRGARCNVIITQPRRISAVSVAQRVSHELGPSLRRNVGFQVRLESKPPSRGGALLFCTVGILLRKLQSNPSLEGVSHVIVDEVHERDVNTDFLLILLKGLQRLNPALRLVLMSATGDNERFSRYFGGCPVIKVPGFMYPVKEHYLEDILAKLGKHQYLHRHRHHESEDECALDLDLVTDLVLHIDARGEPGGILCFLPGWQEIKGVQQRLQEALGMHESKYLILPVHSNIPMMDQK	specific	specific
Q9NYB0	Telomeric repeat-binding factor 2-interacting protein 1	399	PGALAEGAAEPEPQR	115	129	R	H	K	HAGRIAFTDA	SAADTGSEAK	AEAMDLGKDPNGPTHSSTLFVRDDGSSMSFYVRPSPAKRRLSTLILHGGGTVCRVQEPGAVLLAQPGEALAEASGDFISTQYILDCVERNERLELEAYRLGPASAADTGSEAK	specific	specific
P25685	DnaJ homolog subfamily B member 1	340	NPFDTFFGQR	110	119	R	N	R	NGEEGMDIDD	AMFAEFFGGR	GKDYYQTLGLARGASDEEIKRAYRRQALRYHPDKNKEPGAEEKFKEIAEAYDVLSDPRKREIFDRYGEEGLKGSGPSGGSGGGANGTSFSYTFHGDPHAMFAEFFGGR	specific	specific
P35579	Myosin-9	1960	INFDVNGYIVGANIETYLLEK	241	261	K	S	R	SRAIRQAKEE	NSSRFGKFIR	AQQAADKYLYVDKNFINNPLAQADWAAKKLVWVPSDKSGFEPASLKEEVGEEAIVELVENGKKVKVNKDDIQKMNPPKFSKVEDMAELTCLNEASVLHNLKERYYSGLIYTYSGLFCVVINPYKNLPIYSEEIVEMYKGKKRHEMPPHIYAITDTAYRSMMQDREDQSILCTGESGAGKTENTKKVIQYLAYVASSHKSKKDQGELERQLLQANPILEAFGNAKTVKNDNSSRFGKFIR	specific	specific
Q8TDZ2	[F-actin]-monooxygenase MICAL1	1067	IYNQSFFQSLLK	264	275	K	A	R	ATGIDLENIV	QVPEISGVAR	ASPTSTNPAHAHFESFLQAQLCQDVLSSFQELCGALGLEPGGGLPQYHKIKDQLNYWSAKSLWTKLDKRAGQPVYQQGRACTSTKCLVVGAGPCGLRVAVELALLGARVVLVEKRTKFSRHNVLHLWPFTIHDLRALGAKKFYGRFCTGTLDHISIRQLQLLLLKVALLLGVEIHWGVTFTGLQPPPRKGSGWRAQLQPNPPAQLANYEFDVLISAAGGKFVPEGFKVREMRGKLAIGITANFVNGRTVEETQVPEISGVAR	specific	specific
O00429	Dynamin-1-like protein	736	FISNPNSIILAVTAANTDMATSEALK	173	198	K	I	R	ISREVDPDGR	ELQIRELILR	EALIPVINKLQDVFNTVGADIIQLPQIVVVGTQSSGKSSVLESLVGRDLLPRGTGIVTRRPLILQLVHVSQEDKRKTTGEENGVEAEEWGKFLHTKNKLYTDFDEIRQEIENETERISGNNKGVSPEPIHLKIFSPNVVNLTLVDLPGMTKVPVGDQPKDIELQIRELILR	specific	specific
P11216	Glycogen phosphorylase, brain form	843	IGEEFLTDLSQLK	508	520	K	K	K	KLLPLVSDEV	PGLADTIVEK	AKPLTDSEKRKQISVRGLAGLGDVAEVRKSFNRHLHFTLVKDRNVATPRDYFFALAHTVRDHLVGRWIRTQQHYYERDPKRIYYLSLEFYMGRTLQNTMVNLGLQNACDEAIYQLGLDLEELEEIEEDAGLGNGGLGRLAACFLDSMATLGLAAYGYGIRYEFGIFNQKIVNGWQVEEADDWLRYGNPWEKARPEYMLPVHFYGRVEHTPDGVKWLDTQVVLAMPYDTPVPGYKNNTVNTMRLWSAKAPNDFKLQDFNVGDYIEAVLDRNLAENISRVLYPNDNFFEGKELRLKQEYFVVAATLQDIIRRFKSSKFGCRDPVRTCFETFPDKVAIQLNDTHPALSIPELMRILVDVEKVDWDKAWEITKKTCAYTNHTVLPEALERWPVSMFEKLLPRHLEIIYAINQRHLDHVAALFPGDVDRLRRMSVIEEGDCKRINMAHLCVIGSHAVNGVARIHSEIVKQSVFKDFYELEPEKFQNKTNGITPRRWLLLCNPGLADTIVEK	specific	specific
Q9H223	EH domain-containing protein 4	541	LDGYELPSSLPPHLVPPSHR	515	534	R	K	K	KSLPKAD	ALAKHLIKIK	FSWMGRQAGGRERAGGADAVQTVTGGLRSLYLRKVLPLEEAYRFHEFHSPALEDADFENKPMILLVGQYSTGKTTFIRYLLEQDFPGMRIGPEPTTDSFIAVMYGETEGSTPGNALVVDPKKPFRKLSRFGNAFLNRFMCSQLPNQVLKSISVIDSPGILSGEKQRISRGYDFCQVLQWFAERVDRIILLFDAHKLDISDEFSEAIKAFRGQDDKIRVVLNKADQVDTQQLMRVYGALMWSLGKVINTPEVLRVYIGSFWAQPLQNTDNRRLFEAEAQDLFRDIQSLPQKAAVRKLNDLIKRARLAKVHAYIISYLKKEMPSVFGKENKKRELISRLPEIYIQLQREYQISAGDFPEVKAMQEQLENYDFTKFHSLKPKLIEAVDNMLSNKISPLMNLISQEETSTPTQLVQGGAFDGTTEGPFNQGYGEGAKEGADEEEWVVAKDKPVYDELFYTLSPINGKISGVNAKKEMVTSKLPNSVLGKIWKLADCDCDGMLDEEEFALAKHLIKIK	specific	specific
P07437	Tubulin beta chain	444	LAVNMVPFPR	253	262	R	L	K	LHFFMPGFAP	PGQLNADLRK	REIVHIQAGQCGNQIGAKFWEVISDEHGIDPTGTYHGDSDLQLDRISVYYNEATGGKYVPRAILVDLEPGTMDSVRSGPFGQIFRPDNFVFGQSGAGNNWAKGHYTEGAELVDSVLDVVRKEAESCDCLQGFQLTHSLGGGTGSGMGTLLISKIREEYPDRIMNTFSVVPSPKVSDTVVEPYNATLSVHQLVENTDETYCIDNEALYDICFRTLKLTTPTYGDLNHLVSATMSGVTTCLRFPGQLNADLRK	specific	specific
P02786	Transferrin receptor protein 1	760	LLNENSYVPR	146	155	R	E	K	EAGSQKDENL	DSTDFTGTIK	MDQARSAFSNLFGGEPLSYTRFSLARQVDGDNSHVEMKLAVDEEENADNNTKANVTKPKRCSGSICYGTIAVIVFFLIGFMIGYLGYCKGVEPKTECERLAGTESPVREEPGEDFPAARRLYWDDLKRKLSEKLDSTDFTGTIK	specific	specific
P56134	ATP synthase subunit f, mitochondrial	94	PSGIFGAFQR	37	46	R	G	S	GYYRYYNKYI	PSWILMRDFS	ASVGECPAPVPVKDKKLLEVKLGELPSWILMRDFS	semi_Nterm	semi_specific
P15502	Elastin	786	FPGVGVLPGVPTGAGVK	160	176	K	P	R	PKAPGVGGAF	YPGGVLPGAR	AGLTAAAPRPGVLLLLLSILHPSRPGGVPGAIPGGVPGGVFYPGAGLGALGGGALGPGGKPLKPVPGGLAGAGLGAGLGAFPAVTFPGALVPGGVADAAAAYKAAKAGAGLGGVPGVGGLGVSAGAVVPQPGAGVKPGKVPGVGLPGVYPGGVLPGAR	specific	specific
P28161	Glutathione S-transferase Mu 2	218	LKPEYLQALPEMLK	123	136	K	L	K	LYSQFLGKQP	KLCYDPDFEK	PMTLGYWNIRGLAHSIRLLLEYTDSSYEEKKYTMGDAPDYDRSQWLNEKFKLGLDFPNLPYLIDGTHKITQSNAILRYIARKHNLCGESEKEQIREDILENQFMDSRMQLAKLCYDPDFEK	specific	specific
Q9Y4C8	Probable RNA-binding protein 19	960	NLPYTSTEEDLEK	408	420	K	L	R	LFSKYGPLSE	LAESGRLFVR	SRLIVKNLPNGMKEERFRQLFAAFGTLTDCSLKFTKDGKFRKFGFIGFKSEEEAQKAQKHFNKSFIDTSRITVEFCKSFGDPAKPRAWSKHAQKPSQPKQPPKDSTTPEIKKDEKKKKVAGQLEKLKEDTEFQEFLSVHQRRAQAATWANDGLDAEPSKGKSKPASDYLNFDSDSGQESEEEGAGEDLEEEASLEPKAAVQKELSDMDYLKSKMVKAGSSSSSEEEESEDEAVHCDEGSEAEEEDSSATPVLQERDSKGAGQEQGMPAGKKRPPEARAETEKPANQKEPTTCHTVKLRGAPFNVTEKNVMEFLAPLKPVAIRIVRNAHGNKTGYIFVDFSNEEEVKQALKCNREYMGGRYIEVFREKNVPTTKGAPKNTTKSWQGRILGENEEEEDLAESGRLFVR	specific	specific
P06744	Glucose-6-phosphate isomerase	558	IEPELDGSAQVTSH	525	538	H	D	K	DASTNGLINF	VELGKQLAKK	AALTRDPQFQKLQQWYREHRSELNLRRLFDANKDRFNHFSLTLNTNHGHILVDYSKNLVTEDVMRMLVDLAKSRGVEAARERMFNGEKINYTEGRAVLHVALRNRSNTPILVDGKDVMPEVNKVLDKMKSFCQRVRSGDWKGYTGKTITDVINIGIGGSDLGPLMVTEALKPYSSGGPRVWYVSNIDGTHIAKTLAQLNPESSLFIIASKTFTTQETITNAETAKEWFLQAAKDPSAVAKHFVALSTNTTKVKEFGIDPQNMFEFWDWVGGRYSLWSAIGLSIALHVGFDNFEQLLSGAHWMDQHFRTTPLEKNAPVLLALLGIWYINCFGCETHAMLPYDQYLHRFAAYFQQGDMESNGKYITKSGTRVDHQTGPIVWGEPGTNGQHAFYQLIHQGTKMIPCDFLIPVQTQHPIRKGLHHKILLANFLAQTEALMRGKSTEEARKELQAAGKSPEDLERLLPHKVFEGNRPTNSIVFTKLTPFMLGALVAMYEHKIFVQGIIWDINSFDQWGVELGKQLAKK	semi_Cterm	semi_specific
P04899	Guanine nucleotide-binding protein G(i) subunit alpha-2	355	SNTIQSIMAIVK	75	86	K	A	Y	AMGNLQIDFA	ECRQYRAVVY	GCTVSAEDKAAAERSKMIDKNLREDGEKAAREVKLLLLGAGESGKSTIVKQMKIIHEDGYSEEECRQYRAVVY	semi_Nterm	semi_specific
Q99832	T-complex protein 1 subunit eta	543	STVDAPTAAGR	525	535	R	G	R	GRGRGRPH	SVDETIKNPR	MPTPVILLKEGTDSSQGIPQLVSNISACQVIAEAVRTTLGPRGMDKLIVDGRGKATISNDGATILKLLDVVHPAAKTLVDIAKSQDAEVGDGTTSVTLLAAEFLKQVKPYVEEGLHPQIIIRAFRTATQLAVNKIKEIAVTVKKADKVEQRKLLEKCAMTALSSKLISQQKAFFAKMVVDAVMMLDDLLQLKMIGIKKVQGGALEDSQLVAGVAFKKTFSYAGFEMQPKKYHNPKIALLNVELELKAEKDNAEIRVHTVEDYQAIVDAEWNILYDKLEKIHHSGAKVVLSKLPIGDVATQYFADRDMFCAGRVPEEDLKRTMMACGGSIQTSVNALSADVLGRCQVFEETQIGGERYNFFTGCPKAKTCTFILRGGAEQFMEETERSLHDAIMIVRRAIKNDSVVAGGGAIEMELSKYLRDYSRTIPGKQQLLIGAYAKALEIIPRQLCDNAGFDATNILNKLRARHAQGGTWYGVDINNEDIADNFEAFVWEPAMVRINALTAASEAACLIVSVDETIKNPR	specific	specific
Q8NCA5	Protein FAM98A	518	HQGGWTDGGSGGGGGYQDGGYR	379	400	R	D	K	DSGFQPGGYH	GGRGGGRGNK	ECDLMETDILESLEDLGYKGPLLEDGALSQAVSAGASSPEFTKLCAWLVSELRVLCKLEENVQATNSPSEAEEFQLEVSGLLGEMNCPYLSLTSGDVTKRLLIQKNCLLLLTYLISELEAARMLCVNAPPKKAQEGGGSEVFQELKGICIALGMSKPPANITMFQFFSGIEKKLKETLAKVPPNHVGKPLLKKPMGPAHWEKIEAINQAIANEYEVRRKLLIKRLDVTVQSFGWSDRAKSQTEKLAKVYQPKRSVLSPKTTISVAHLLAARQDLSKILRTSSGSIREKTACAINKVLMGRVPDRGGRPNEIEPPPPEMPPWQKRQDGPQQQTGGRGGGRGGYEHSSYGGRGGHEQGGGRGGRGGYDHGGRGGGRGNK	specific	specific
Q5D1E8	Endoribonuclease ZC3H12A	599	APNLEPPLPEEEK	118	130	K	E	K	EGSDLRPVVI	LVPRGGGTPK	SGPCGEKPVLEASPTMSLWEFEDSHSRQGTPRPGQELAAEEASALELQMKVDFFRKLGYSSTEIHSVLQKLGVQADTNTVLGELVKHGTATERERQTSPDPCPQLPLVPRGGGTPK	specific	specific
O43242	26S proteasome non-ATPase regulatory subunit 3	534	EMIDIYSTR	462	470	R	E	K	EPQLAFHQRI	NHEKGYVQSK	KQEGSARRRGADKAKPPPGGGEQEPPPPPAPQDVEMKEEAATGGGSTGEADGKTAAAAAEHSQRELDTVTLEDIKEHVKQLEKAVSGKEPRFVLRALRMLPSTSRRLNHYVLYKAVQGFFTSNNATRDFLLPFLEEPMDTEADLQFRPRTGKAASTPLLPEVEAYLQLLVVIFMMNSKRYKEAQKISDDLMQKISTQNRRALDLVAAKCYYYHARVYEFLDKLDVVRSFLHARLRTATLRHDADGQATLLNLLLRNYLHYSLYDQAEKLVSKSVFPEQANNNEWARYLYYTGRIKAIQLEYSEARRTMTNALRKAPQHTAVGFKQTVHKLLIVVELLLGEIPDRLQFRQPSLKRSLMPYFLLTQAVRTGNLAKFNQVLDQFGEKFQADGTYTLIIRLRHNVIKTGVRMISLSYSRISLADIAQKLQLDSPEDAEFIVAKAIRDGVIEASINHEKGYVQSK	specific	specific
Q9UKJ3	G patch domain-containing protein 8	1502	EDEDPQDGGSLASTLSK	360	376	K	L	K	LKRMKREEGA	DGSSNLDGKK	ADRFSRFNEDRDFQGNHFDQYEEGHLEIEQASLDKPIESDNIGHRLLQKHGWKLGQGLGKSLQGRTDPIPIVVKYDVMGMGRMEMELDYAEDATERRRVLEVEKEDTEELRQKYKDYVDKEKAIAKALEDLRANFYCELCDKQYQKHQEFDNHINSYDHAHKQRLKDLKQREFARNVSSRSRKDEKKQEKALRRLHELAEQRKQAECAPGSGPMFKPTTVAVDEEGGEDDKDESATNSGTGATASCGLGSEFSTDKGGPFTAVQITNTTGLAQAPGLASQGISFGIKNNLGTPLQKLGVSFSFAKKAPVKLESIASVFKDHAEEGTSEDGTKPDEKSSDQGLQKVGDSDGSSNLDGKK	specific	specific
Q86SQ0	Pleckstrin homology-like domain family B member 2	1253	EGLYLSDTLPR	891	901	R	K	K	KKTTSSISPH	SLEERKKQHK	EEHSYIQKELDLQNGSLEEDSVVHSVENDSQNMMESLSPKKYSSSLRFKANGDYSGSYLTLSQPVPAKRSPSPLGTSVRSSPSLAKIQGSKQFSYDGTDKNIPMKPPTPLLNTTSSLSGYPLGRADFDHYTGRDSERALRLSEKPPYSKYSSRHKSHDNVYSLGGLEGRKASGSLLAMWNGSSLSDAGPPPISRSGAASMPSSPKQARKMSIQDSLALQPKLTRHKELASENINLRTRKYSSSSLSHMGAYSRSLPRLYRATENQLTPLSLPPRNSLGNSKRTKLGEKDLPHSVIDNDNYLNFSSLSSGALPYKTSASEGNPYVSSTLSVPASPRVARKMLLASTSSCASDDFDQASYVGTNPSHSLLAGESDRVFATRRNFSCGSVEFDEADLESLRQASGTPQPALRERKSSISSISGRDDLMDYHRRQREERLREQEMERLERQRLETILSLCAEYTKPDSRLSTGTTVEDVQKINKELEKLQLSDEESVFEEALMSPDTRYRCHRKDSLPDADLASCGSLSQSSASFFTPRSTRNDELLSDLTRTPPPPSSTFPKASSESSYLSILPKTPEGISEEQRSQELAAMEETRIVILNNLEELKQKIKDINDQMDESFRELDMECALLDGEQKSETTELMKEKEILDHLNRKIAELEKNIVGEKTKEKVKLDAEREKLERLQELYSEQKTQLDNCPESMREQLQQQLKRDADLLDVESKHFEDLEFQQLEHESRLDEEKENLTQQLLREVAEYQRNIVSRKEKISALKKQANHIVQQAQREQDHFVKEKNNLIMMLQREKENLCNLEKKYSSLSGGKGFPVNPNTLKEGYISVNEINEPCGNSTNLSPSTQFPADADAVATEPATAVLASQPQSKEHFRSLEERKKQHK	specific	specific
P40763	Signal transducer and activator of transcription 3	770	QQMLEQHLQDVR	141	152	R	K	K	KRVQDLEQKM	HPTAAVVTEK	AQWNQLQQLDTRYLEQLHQLYSDSFPMELRQFLAPWIESQDWAYAASKESHATLVFHNLLGEIDQQYSRFLQESNVLYQHNLRRIKQFLQSRYLEKPMEIARIVARCLWEESRLLQTAATAAQQGGQANHPTAAVVTEK	specific	specific
P11142	Heat shock cognate 71 kDa protein	646	EPTAAAIAYGLDK	175	187	K	K	N	KVGAERNVLI	AGLNVLRIIN	SKGPAVGIDLGTTYSCVGVFQHGKVEIIANDQGNRTTPSYVAFTDTERLIGDAAKNQVAMNPTNTVFDAKRLIGRRFDDAVVQSDMKHWPFMVVNDAGRPKVQVEYKGETKSFYPEEVSSMVLTKMKEIAEAYLGKTVTNAVVTVPAYFNDSQRQATKDAGTIAGLNVLRIIN	semi_Nterm	semi_specific
P14550	Aldo-keto reductase family 1 member A1	325	DPDEPVLLEEPVVLALAEK	222	240	K	Y	R	YGRSPAQILL	PLGSSDRAWR	AASCVLLHTGQKMPLIGLGTWKSEPGQVKAAVKYALSVGYRHIDCAAIYGNEPEIGEALKEDVGPGKAVPREELFVTSKLWNTKHHPEDVEPALRKTLADLQLEYLDLYLMHWPYAFERGDNPFPKNADGTICYDSTHYKETWKALEALVAKGLVQALGLSNFNSRQIDDILSVASVRPAVLQVECHPYLAQNELIAHCQARGLEVTAYSPLGSSDRAWR	specific	specific
Q12788	Transducin beta-like protein 3	808	GSPGVVHLVAFHPDPTR	149	165	R	L	R	LLLFSSATDA	VRHYGTHHFR	AETAAGVGRFKTNYAVERKIEPFYKGGKAQLDQTGQHLFCVCGTRVNILEVASGAVLRSLEQEDQEDITAFDLSPDNEVLVTASRALLLAQWAWQEGSVTRLWKAIHTAPVATMAFDPTSTLLATGGCDGAVRVWDIVRHYGTHHFR	specific	specific
P55795	Heterogeneous nuclear ribonucleoprotein H2	449	GAYGGGYGGYDDYGGYNDGYGFGSDR	234	259	R	F	R	FGRDLNYCFS	RGAGFERMRR	MLSTEGREGFVVKVRGLPWSCSADEVMRFFSDCKIQNGTSGIRFIYTREGRPSGEAFVELESEEEVKLALKKDRETMGHRYVEVFKSNSVEMDWVLKHTGPNSPDTANDGFVRLRGLPFGCSKEEIVQFFSGLEIVPNGMTLPVDFQGRSTGEAFVQFASQEIAEKALKKHKERIGHRYIEIFKSSRAEVRTHYDPPRKLMAMQRPGPYDRPGAGRGYNSIGRGAGFERMRR	specific	specific
P78371	T-complex protein 1 subunit beta	535	EAVAMESYAK	432	441	K	A	K	ALRMLPTIIA	TQLANRTPGK	ASLSLAPVNIFKAGADEERAETARLTSFIGAIAIGDLVKSTLGPKGMDKILLSSGRDASLMVTNDGATILKNIGVDNPAAKVLVDMSRVQDDEVGDGTTSVTVLAAELLREAESLIAKKIHPQTIIAGWREATKAAREALLSSAVDHGSDEVKFRQDLMNIAGTTLSSKLLTHHKDHFTKLAVEAVLRLKGSGNLEAIHIIKKLGGSLADSYLDEGFLLDKKIGVNQPKRIENAKILIANTGMDTDKIKIFGSRVRVDSTAKVAEIEHAEKEKMKEKVERILKHGINCFINRQLIYNYPEQLFGAAGVMAIEHADFAGVERLALVTGGEIASTFDHPELVKLGSCKLIEEVMIGEDKLIHFSGVALGEACTIVLRGATQQILDEAERSLHDALCVLAQTVKDSRTVYGGGCSEMLMAHAVTQLANRTPGK	specific	specific
P12277	Creatine kinase B-type	381	SMTEAEQQQLIDDHFLFDK	178	196	K	P	K	PVSPLLLASG	DLAGRYYALK	PFSNSHNALKLRFPAEDEFPDLSAHNNHMAKVLTPELYAELRAKSTPSGFTLDDVIQTGVDNPGHPYIMTVGCVAGDEESYEVFKDLFDPIIEDRHGGYKPSDEHKTDLNPDNLQGGDDLDPNYVLSSRVRTGRSIRGFCLPPHCSRGERRAIEKLAVEALSSLDGDLAGRYYALK	specific	specific
P21589	5'-nucleotidase	574	VPVVQAYAFGK	275	285	K	Y	K	YLGYLKIEFD	FIVTSDDGRK	CPRAARAPATLLLALGAVLWPAAGAWELTILHTNDVHSRLEQTSEDSSKCVNASRCMGGVARLFTKVQQIRRAEPNVLLLDAGDQYQGTIWFTVYKGAEVAHFMNALRYDAMALGNHEFDNGVEGLIEPLLKEAKFPILSANIKAKGPLASQISGLYLPYKVLPVGDEVVGIVGYTSKETPFLSNPGTNLVFEDEITALQPEVDKLKTLNVNKIIALGHSGFEMDKLIAQKVRGVDVVVGGHSNTFLYTGNPPSKEVPAGKYPFIVTSDDGRK	specific	specific
P35749	Myosin-11	1972	PLNDNVTSLLNASSDK	598	613	K	F	D	FVADLWKDVD	ASAWLTKNMD	AQKGQLSDDEKFLFVDKNFINSPVAQADWAAKRLVWVPSEKQGFEAASIKEEKGDEVVVELVENGKKVTVGKDDIQKMNPPKFSKVEDMAELTCLNEASVLHNLRERYFSGLIYTYSGLFCVVVNPYKHLPIYSEKIVDMYKGKKRHEMPPHIYAIADTAYRSMLQDREDQSILCTGESGAGKTENTKKVIQYLAVVASSHKGKKDTSITGELEKQLLQANPILEAFGNAKTVKNDNSSRFGKFIRINFDVTGYIVGANIETYLLEKSRAIRQARDERTFHIFYYMIAGAKEKMRSDLLLEGFNNYTFLSNGFVPIPAAQDDEMFQETVEAMAIMGFSEEEQLSILKVVSSVLQLGNIVFKKERNTDQASMPDNTAAQKVCHLMGINVTDFTRSILTPRIKVGRDVVQKAQTKEQADFAVEALAKATYERLFRWILTRVNKALDKTHRQGASFLGILDIAGFEIFEVNSFEQLCINYTNEKLQQLFNHTMFILEQEEYQREGIEWNFIDFGLDLQPCIELIERPNNPPGVLALLDEECWFPKATDKSFVEKLCTEQGSHPKFQKPKQLKDKTEFSIIHYAGKVDYNASAWLTKNMD	semi_Nterm	semi_specific
Q9UKV3	Apoptotic chromatin condensation inducer in the nucleus	1341	MPEAVGTDPSTSR	45	57	R	K	K	KMAELEEVTL	FEGRWRKLPK	WRRKHPRTSGGTRGVLSGNRGVEYGSGRGHLGTFEGRWRKLPK	specific	specific
Q01105	Protein SET	290	LGEEDEEALHYLTR	109	122	R	V	L	VEVTEFEDIK	FVNHPQVSAL	APKRQSPLPPQKKKPRPPPALGPEETSASAGLPKKGEKEQQEAIEHIDEVQNEIDRLNEQASEEILKVEQKYNKLRQPFFQKRSELIAKIPNFWVTTFVNHPQVSAL	semi_Nterm	semi_specific
O94973	AP-2 complex subunit alpha-2	939	GPSTVTDLEDTK	620	631	K	R	K	RDRSVDVNGG	SILAKLKKKK	PAVSKGDGMRGLAVFISDIRNCKSKEAEIKRINKELANIRSKFKGDKALDGYSKKKYVCKLLFIFLLGHDIDFGHMEAVNLLSSNRYTEKQIGYLFISVLVNSNSELIRLINNAIKNDLASRNPTFMGLALHCIASVGSREMAEAFAGEIPKVLVAGDTMDSVKQSAALCLLRLYRTSPDLVPMGDWTSRVVHLLNDQHLGVVTAATSLITTLAQKNPEEFKTSVSLAVSRLSRIVTSASTDLQDYTYYFVPAPWLSVKLLRLLQCYPPPDPAVRGRLTECLETILNKAQEPPKSKKVQHSNAKNAVLFEAISLIIHHDSEPNLLVRACNQLGQFLQHRETNLRYLALESMCTLASSEFSHEAVKTHIETVINALKTERDVSVRQRAVDLLYAMCDRSNAPQIVAEMLSYLETADYSIREEIVLKVAILAEKYAVDYTWYVDTILNLIRIAGDYVSEEVWYRVIQIVINRDDVQGYAAKTVFEALQAPACHENLVKVGGYILGEFGNLIAGDPRSSPLIQFHLLHSKFHLCSVPTRALLLSTYIKFVNLFPEVKPTIQDVLRSDSQLRNADVELQQRAVEYLRLSTVASTDILATVLEEMPPFPERESSILAKLKKKK	specific	specific
Q8N1G4	Leucine-rich repeat-containing protein 47	583	"NALGPGLSPELGPLPALR"	85	102	R	V	R	VLDLSGNALE	PQLHSLVLRR	AAAAVSESWPELELAERERRRELLLTGPGLEERVRAAGGQLPPRLFTLPLLHYLEVSGCGSLRAPGPGLAQGLPQLHSLVLRR	specific	specific
P13639	Elongation factor 2	858	IMGPNYTPGK	429	438	K	K	R	KEDLYLKPIQ	GLVSTGLKVR	VNFTVDQIRAIMDKKANIRNMSVIAHVDHGKSTLTDSLVCKAGIIASARAGETRFTDTRKDEQERCITIKSTAISLFYELSENDLNFIKQSKDGAGFLINLIDSPGHVDFSSEVTAALRVTDGALVVVDCVSGVCVQTETVLRQAIAERIKPVLMMNKMDRALLELQLEPEELYQTFQRIVENVNVIISTYGEGESGPMGNIMIDPVLGTVGFGSGLHGWAFTLKQFAEMYVAKFAAKGEGQLGPAERAKKVEDMMKKLWGDRYFDPANGKFSKSATSPEGKKLPRTFCQLILDPIFKVFDAIMNFKKEETAKLIEKLDIKLDSEDKDKEGKPLLKAVMRRWLPAGDALLQMITIHLPSPVTAQKYRCELLYEGPPDDEAAMGIKSCDPKGPLMMYISKMVPTSDKGRFYAFGRVFSGLVSTGLKVR	specific	specific
Q7Z6Z7	E3 ubiquitin-protein ligase HUWE1	4374	LLSLISIALPENK	3456	3468	K	V	R	VSEAQANSGS	SSLLTEKLLR	KVDRTKLKKTPTEAPADCRALIDKLKVCNDEQLLLELQQIKTWNIGKCELYHWVDLLDRFDGILADAGQTVENMSWMLVCDRPEREQLKMLLLAVLNFTALLIEYSFSRHLYSSIEHLTTLLASSDMQVVLAVLNLLYVFSKRSNYITRLGSDKRTPLLTRLQHLAESWGGKENGFGLAECCRDLHMMKYPPSATTLHFEFYADPGAEVKIEKRTTSNTLHYIHIEQLDKISESPSEIMESLTKMYSIPKDKQMLLFTHIRLAHGFSNHRKRLQAVQARLHAISILVYSNALQESANSILYNGLIEELVDVLQITDKQLMEIKAASLRTLTSIVHLERTPKLSSIIDCTGTASYHGFLPVLVRNCIQAMIDPSMDPYPHQFATALFSFLYHLASYDAGGEALVSCGMMEALLKVIKFLGDEQDQITFVTRAVRVVDLITNLDMAAFQSHSGLSIFIYRLEHEVDLCRKECPFVIKPKIQRPNTTQEGEEMETDMDGVQCIPQRAALLKSMLNFLKKAIQDPAFSDGIRHVMDGSLPTSLKHIISNAEYYGPSLFLLATEVVTVFVFQEPSLLSSLQDNGLTDVMLHALLIKDVPATREVLGSLPNVFSALCLNARGLQSFVQCQPFERLFKVLLSPDYLPAMRRRRSSDPLGDTASNLGSAVDELMRHQPTLKTDATTAIIKLLEEICNLGRDPKYICQKPSIQKADGTATAPPPRSNHAAEEASSEDEEEEEVQAMQSFNSTQQNETEPNQQVVGTEERIPIPLMDYILNVMKFVESILSNNTTDDHCQEFVNQKGLLPLVTILGLPNLPIDFPTSAACQAVAGVCKSILTLSHEPKVLQEGLLQLDSILSSLEPLHRPIESPGGSVLLRELACAGNVADATLSAQATPLLHALTAAHAYIMMFVHTCRVGQSEIRSISVNQWGSQLGLSVLSKLSQLYCSLVWESTVLLSLCTPNSLPSGCEFGQADMQKLVPKDEKAGTTQGGKRSDGEQDGAAGSMDASTQGLLEGIGLDGDTLAPMETDEPTASDSKGKSKITPAMAARIKQIKPLLSASSRLGRALAELFGLLVKLCVGSPVRQRRSHHAASTTTAPTPAARSTASALTKLLTKGLSWQPPPYTPTPRFRLTFFICSVGFTSPMLFDERKYPYHLMLQKFLCSGGHNALFETFNWALSMGGKVPVSEGLEHSDLPDGTGEFLDAWLMLVEKMVNPTTVLESPHSLPAKLPGGVQNFPQFSALRFLVVTQKAAFTCIKNLWNRKPLKVYGGRMAESMLAILCHILRGEPVIRERLSKEKEGSRGEEDTGQEEGGSRREPQVNQQQLQQLMDMGFTREHAMEALLNTSTMEQATEYLLTHPPPIMGGVVRDLSMSEEDQMMRAIAMSLGQDIPMDQRAESPEEVACRKEEEERKAREKQEEEEAKCLEKFQDADPLEQDELHTFTDTMLPGCFHLLDELPDTVYRVCDLIMTAIKRNGADYRDMILKQVVNQVWEAADVLIKAALPLTTSDTKTVSEWISQMATLPQASNLATRILLLTLLFEELKLPCAWVVESSGILNVLIKLLEVVQPCLQAAKEQKEVQTPKWITPVLLLIDFYEKTAISSKRRAQMTKYLQSNSNNWRWFDDRSGRWCSYSASNNSTIDSAWKSGETSVRFTAGRRRYTVQFTTMVQVNEETGNRRPVMLTLLRVPRLNKNSKNSNGQELEKTLEESKEMDIKRKENKGNDTPLALESTNTEKETSLEETKIGEILIQGLTEDMVTVLIRACVSMLGVPVDPDTLHATLRLCLRLTRDHKYAMMFAELKSTRMILNLTQSSGFNGFTPLVTLLLRHIIEDPCTLRHTMEKVVRSAATSGAGSTTSGVVSGSLGSREINYILRVLGPAACRNPDIFTEVANCCIRIALPAPRGSGTASDDEFENLRIKGPNAVQLVKTTPLKPSPLPVIPDTIKEVIYDMLNALAAYHAPEEADKSDPKPGVMTQEVGQLLQDMGDDVYQQYRSLTRQSSDFDTQSGFSINSQVFAADGASTETSASGTSQGEASTPEESRDGKKDKEGDRASEEGKQKGKGSKPLMPTSTILRLLAELVRSYVGIATLIANYSYTVGQSELIKEDCSVLAFVLDHLLPHTQNAEDKDTPALARLFLASLAAAGSGTDAQVALVNEVKAALGRALAMAESTEKHARLQAVMCIISTIMESCPSTSSFYSSATAKTQHNGMNNIIRLFLKKGLVNDLARVPHSLDLSSPNMANTVNAALKPLETLSRIVNQPSSLFGSKSASSKNKSEQDAQGASQDSSSNQQDPGEPGEAEVQEEDHDVTQTEVADGDIMDGEAETDSVVIAGQPEVLSSQEMQVENELEDLIDELLERDGGSGNSTIIVSRSGEDESQEDVLMDEAPSNLSQASTLQANREDSMNILDPEDEEEHTQEEDSSGSNEDEDDSQDEEEEEEEDEEDDQEDDEGEEGDEDDDDDGSEMELDEDYPDMNASPLVRFERFDREDDLIIEFDNMFSSATDIPPSPGNIPTTHPLMVRHADHSSLTLGSGSSTTRLTQGIGRSQRTLRQLTANTGHTIHVHYPGNRQPNPPLILQRLLGPSAAADILQLSSSLPLQSRGRARLLVGNDDVHIIARSDDELLDDFFHDQSTATSQAGTLSSIPTALTRWTEECKVLDAESMHDCVSVVKVSIVNHLEFLRDEELEERREKRRKQLAEEETKITDKGKEDKENRDQSAQCTASKSNDSTEQNLSDGTPMPDSYPTTPSSTDAATSESKETLGTLQSSQQQPTLPTPPALGEVPQELQSPAGEGGSSTQLLMPVEPEELGPTRPSGEAETTQMELSPAPTITSLSPERAEDSDALTAVSSQLEGSPMDTSSLASCTLEEAVGDTSAAGSSEQPRAGSSTPGDAPPAVAEVQGRSDGSGESAQPPEDSSPPASSESSSTRDSAVAISGADSRGILEEPLPSTSSEEEDPLAGISLPEGVDPSFLAALPDDIRREVLQNQLGIRPPTRTAPSTNSSAPAVVGNPGVTEVSPEFLAALPPAIQEEVLAQQRAEQQRRELAQNASSDTPMDPVTFIQTLPSDLRRSVLEDMEDSVLAVMPPDIAAEAQALRREQEARQRQLMHERLFGHSSTSALSAILRSPAFTSRLSGNRGVQYTRLAVQRGGTFQMGGSSSHNRPSGSNVDTLLRLRGRLLLDHEALSCLLVLLFVDEPKLNTSRLHRVLRNLCYHAQTRHWVIRSLLSILQRSSESELCIETPKLTTSEEKGKKSSKSCGSSSHENRPLDLLHKMESKSSNQLSWLSVSMDAALGCRTNIFQIQRSGGRKHTEKHASGGSTVHIHPQAAPVVCRHVLDTLIQLAKVFPSHFTQQRTKETNCESDRERGNKACSPCSSQSSSSGICTDFWDLLVKLDNMNVSRKGKNSVKSVPVSAGGEGETSPYSLEASPLGQLMNMLSHPVIRRSSLLTEKLLR	specific	specific
Q9NQC3	Reticulon-4	1192	LFLVDDLVDSLK	1109	1120	K	F	R	FAVLMWVFTY	VNCTIKELRR	EDLDQSPLVSSSDSPPRPQPAFKYQFVREPEDEEEEEEEEEEDEDEDLEELEVLERKPAAGLSAAPVPTAPAAGAPLMDFGNDFVPPAPRGPLPAAPPVAPERQPSWDPSPVSSTVPAPSPLSAAAVSPSKLPEDDEPPARPPPPPPASVSPQAEPVWTPPAPAPAAPPSTPAAPKRRGSSGSVDETLFALPAASEPVIRSSAENMDLKEQPGNTISAGQEDFPSVLLETAASLPSLSPLSAASFKEHEYLGNLSTVLPTEGTLQENVSEASKEVSEKAKTLLIDRDLTEFSELEYSEMGSSFSVSPKAESAVIVANPREEIIVKNKDEEEKLVSNNILHNQQELPTALTKLVKEDEVVSSEKAKDSFNEKRVAVEAPMREEYADFKPFERVWEVKDSKEDSDMLAAGGKIESNLESKVDKKCFADSLEQTNHEKDSESSNDDTSFPSTPEGIKDRSGAYITCAPFNPAATESIATNIFPLLGDPTSENKTDEKKIEEKKAQIVTEKNTSTKTSNPFLVAAQDSETDYVTTDNLTKVTEEVVANMPEGLTPDLVQEACESELNEVTGTKIAYETKMDLVQTSEVMQESLYPAAQLCPSFEESEATPSPVLPDIVMEAPLNSAVPSAGASVIQPSSSPLEASSVNYESIKHEPENPPPYEEAMSVSLKKVSGIKEEIKEPENINAALQETEAPYISIACDLIKETKLSAEPAPDFSDYSEMAKVEQPVPDHSELVEDSSPDSEPVDLFSDDSIPDVPQKQDETVMLVKESLTETSFESMIEYENKEKLSALPPEGGKPYLESFKLSLDNTKDTLLPDEVSTLSKKEKIPLQMEELSTAVYSNDDLFISKEAQIRETETFSDSSPIEIIDEFPTLISSKTDSFSKLAREYTDLEVSHKSEIANAPDGAGSLPCTELPHDLSLKNIQPKVEEKISFSDDFSKNGSATSKVLLLPPDVSALATQAEIESIVKPKVLVKEAEKKLPSDTEKEDRSPSAIFSAELSKTSVVDLLYWRDIKKTGVVFGASLFLLLSLTVFSIVSVTAYIALALLSVTISFRIYKGVIQAIQKSDEGHPFRAYLESEVAISEELVQKYSNSALGHVNCTIKELRR	specific	specific
Q9HCE6	Rho guanine nucleotide exchange factor 10-like protein	1279	GQLEISSLVPLGPK	583	596	K	Y	R	YVVKWNTALP	NINFKPANHR	ASSNPPPQPAIGDQLVPGVPGPSSEAEDDPGEAFEFDDSDDEEDTSAALGVPSLAPERDTDPPLIHLDSIPVTDPDPAAAPPGTGVPAWVSNGDAADAAFSGARHSSWKRKSSRRIDRFTFPALEEDVIYDDVPCESPDAHQPGAERNLLYEDAHRAGAPRQAEDLGWSSSEFESYSEDSGEEAKPEVEVEPAKHRVSFQPKLSPDLTRLKERYARTKRDILALRVGGRDMQELKHKYDCKMTQLMKAAKSGTKDGLEKTRMAVMRKVSFLHRKDVLGDSEEEDMGLLEVSVSDIKPPAPELGPMPEGLSPQQVVRRHILGSIVQSEGSYVESLKRILQDYRNPLMEMEPKALSARKCQVVFFRVKEILHCHSMFQIALSSRVAEWDSTEKIGDLFVASFSKSMVLDVYSDYVNNFTSAMSIIKKACLTKPAFLEFLKRRQVCSPDRVTLYGLMVKPIQRFPQFILLLQDMLKNTPRGHPDRLSLQLALTELETLAEKLNEQKRLADQVAEIQQLTKSVSDRSSLNKLLTSGQRQLLLCETLTETVYGDRGQLIKSKERRVFLLNDMLVCANINFKPANHR	specific	specific
Q92616	eIF-2-alpha kinase activator GCN1	2671	DAVLYFSESLVPTAR	1997	2011	R	K	R	KALCDPLEEV	LSEIMKSTSR	AADTQVSETLKRFAGKVTTASVKERREILSELGKCVAGKDLPEGAVKGLCKLFCLTLHRYRDAASRRALQAAIQQLAEAQPEATAKNLLHSLQSSGIGSKAGVPSKSSGSAALLALTWTCLLVRIVFPSRAKRQGDIWNKLVEVQCLLLLEVLGGSHKHAVDGAVKKLTKLWKENPGLVEQYLSAILSLEPNQNYAGMLGLLVQFCTSHKEMDVVSQHKSALLDFYMKNILMSKVKPPKYLLDSCAPLLRYLSHSEFKDLILPTIQKSLLRSPENVIETISSLLASVTLDLSQYAMDIVKGLAGHLKSNSPRLMDEAVLALRNLARQCSDSSAMESLTKHLFAILGGSEGKLTVVAQKMSVLSGIGSVSHHVVSGPSSQVLNGIVAELFIPFLQQEVHEGTLVHAVSVLALWCNRFTMEVPKKLTEWFKKAFSLKTSTSAVRHAYLQCMLASYRGDTLLQALDLLPLLIQTVEKAASQSTQVPTITEGVAAALLLLKLSVADSQAEAKLSSFWQLIVDEKKQVFTSEKFLVMASEDALCTVLHLTERLFLDHPHRLTGNKVQQYHRALVAVLLSRTWHVRRQAQQTVRKLLSSLGGFKLAHGLLEELKTVLSSHKVLPLEALVTDAGEVTEAGKAYVPPRVLQEALCVISGVPGLKGDVTDTEQLAQEMLIISHHPSLVAVQSGLWPALLARMKIDPEAFITRHLDQIIPRMTTQSPLNQSSMNAMGSLSVLSPDRVLPQLISTITASVQNPALRLVTREEFAIMQTPAGELYDKSIIQSAQQDSIKKANMKRENKAYSFKEQIIELELKEEIKKKKGIKEEVQLTSKQKEMLQAQLDREAQVRRRLQELDGELEAALGLLDIILAKNPSGLTQYIPVLVDSFLPLLKSPLAAPRIKNPFLSLAACVMPSRLKALGTLVSHVTLRLLKPECVLDKSWCQEELSVAVKRAVMLLHTHTITSRVGKGEPGAAPLSAPAFSLVFPFLKMVLTEMPHHSEEEEEWMAQILQILTVQAQLRASPNTPPGRVDENGPELLPRVAMLRLLTWVIGTGSPRLQVLASDTLTTLCASSSGDDGCAFAEQEEVDVLLCALQSPCASVRETVLRGLMELHMVLPAPDTDEKNGLNLLRRLWVVKFDKEEEIRKLAERLWSMMGLDLQPDLCSLLIDDVIYHEAAVRQAGAEALSQAVARYQRQAAEVMGRLMEIYQEKLYRPPPVLDALGRVISESPPDQWEARCGLALALNKLSQYLDSSQVKPLFQFFVPDALNDRHPDVRKCMLDAALATLNTHGKENVNSLLPVFEEFLKNAPNDASYDAVRQSVVVLMGSLAKHLDKSDPKVKPIVAKLIAALSTPSQQVQESVASCLPPLVPAIKEDAGGMIQRLMQQLLESDKYAERKGAAYGLAGLVKGLGILSLKQQEMMAALTDAIQDKKNFRRREGALFAFEMLCTMLGKLFEPYVVHVLPHLLLCFGDGNQYVREAADDCAKAVMSNLSAHGVKLVLPSLLAALEEESWRTKAGSVELLGAMAYCAPKQLSSCLPNIVPKLTEVLTDSHVKVQKAGQQALRQIGSVIRNPEILAIAPVLLDALTDPSRKTQKCLQTLLDTKFVHFIDAPSLALIMPIVQRAFQDRSTDTRKMAAQIIGNMYSLTDQKDLAPYLPSVTPGLKASLLDPVPEVRTVSAKALGAMVKGMGESCFEDLLPWLMETLTYEQSSVDRSGAAQGLAEVMAGLGVEKLEKLMPEIVATASKVDIAPHVRDGYIMMFNYLPITFGDKFTPYVGPIIPCILKALADENEFVRDTALRAGQRVISMYAETAIALLLPQLEQGLFDDLWRIRFSSVQLLGDLLFHISGVTGKMTTETASEDDNFGTAQSNKAIITALGVERRNRVLAGLYMGRSDTQLVVRQASLHVWKIVVSNTPRTLREILPTLFGLLLGFLASTCADKRTIAARTLGDLVRKLGEKILPEIIPILEEGLRSQKSDERQGVCIGLSEIMKSTSR	specific	specific
P52594	Arf-GAP domain and FG repeat-containing protein 1	562	QIWLGLFDDR	91	100	R	S	K	SSAIPDFRDP	LQKHGNEVCK	AASAKRKQEEKHLKMLRDMTGLPHNRKCFDCDQRGPTYVNMTVGSFVCTSCSGSLRGLNPPHRVKSISMTTFTQQEIEFLQKHGNEVCK	specific	specific
Q13496	Myotubularin	603	SLETDSSLILDVPLGVISR	74	92	R	I	R	IEKMGGATSR	YITNYRLYLR	ASASTSKYNSHSLENESIKRTSRDGVNRDLTEAVPRLPGETLITDKEVIYICPFNGPIKGRVYITNYRLYLR	specific	specific
P11678	Eosinophil peroxidase	715	IGLDLAALNMQR	551	562	R	S	R	SRDHGLPGYN	RDRLFRQVRR	HLLPALAGVLATLVLAQPCEGTDPASPGAVETSVLRDCIAEAKLLVDAAYNWTQKSIKQRLRSGSASPMDLLSYFKQPVAATRTVVRAADYMHVALGLLEEKLQPQRSGPFNVTDVLTEPQLRLLSQASGCALRDQAERCSDKYRTITGRCNNKRRPLLGASNQALARWLPAEYEDGLSLPFGWTPSRRRNGFLLPLVRAVSNQIVRFPNERLTSDRGRALMFMQWGQFIDHDLDFSPESPARVAFTAGVDCERTCAQLPPCFPIKIPPNDPRIKNQRDCIPFFRSAPSCPQNKNRVRNQINALTSFVDASMVYGSEVSLSLRLRNRTNYLGLLAINQRFQDNGRALLPFDNLHDDPCLLTNRSARIPCFLAGDTRSTETPKLAAMHTLFMREHNRLATELRRLNPRWNGDKLYNEARKIMGAMVQIITYRDFLPLVLGKARARRTLGHYRGYCSNVDPRVANVFTLAFRFGHTMLQPFMFRLDSQYRASAPNSHVPLSSAFFASWRIVYEGGIDPILRGLMATPAKLNRQDAMLVDELRDRLFRQVRR	specific	specific
Q9BQE3	Tubulin alpha-1C chain	449	TEFQTNLVPYPR	253	264	R	I	L	IHFPLATYAP	RFDGALNVDL	RECISIHVGQAGVQIGNACWELYCLEHGIQPDGQMPSDKTIGGGDDSFNTFFSETGAGKHVPRAVFVDLEPTVIDEVRTGTYRQLFHPEQLITGKEDAANNYARGHYTIGKEIIDLVLDRIRKLADQCTGLQGFLVFHSFGGGTGSGFTSLLMERLSVDYGKKSKLEFSIYPAPQVSTAVVEPYNSILTTHTTLEHSDCAFMVDNEAIYDICRRNLDIERPTYTNLNRLISQIVSSITASLRFDGALNVDL	semi_Nterm	semi_specific
P12109	Collagen alpha-1(VI) chain	1028	AVVQYSGTGQQRPER	874	888	R	A	V	ASLQFLQNYT	RTDPAHDVRV	RAARALLPLLLQACWTAAQDEPETPRAVAFQDCPVDLFFVLDTSESVALRLKPYGALVDKVKSFTKRFIDNLRDRYYRCDRNLVWNAGALHYSDEVEIIQGLTRMPGGRDALKSSVDAVKYFGKGTYTDCAIKKGLEQLLVGGSHLKENKYLIVVTDGHPLEGYKEPCGGLEDAVNEAKHLGVKVFSVAITPDHLEPRLSIIATDHTYRRNFTAADWGQSRDAEEAISQTIDTIVDMIKNNVEQVCCSFECQPARGPPGLRGDPGFEGERGKPGLPGEKGEAGDPGRPGDLGPVGYQGMKGEKGSRGEKGSRGPKGYKGEKGKRGIDGVDGVKGEMGYPGLPGCKGSPGFDGIQGPPGPKGDPGAFGLKGEKGEPGADGEAGRPGSSGPSGDEGQPGEPGPPGEKGEAGDEGNPGPDGAPGERGGPGERGPRGTPGTRGPRGDPGEAGPQGDQGREGPVGVPGDPGEAGPIGPKGYRGDEGPPGSEGARGAPGPAGPPGDPGLMGERGEDGPAGNGTEGFPGFPGYPGNRGAPGINGTKGYPGLKGDEGEAGDPGDDNNDIAPRGVKGAKGYRGPEGPQGPPGHQGPPGPDECEILDIIMKMCSCCECKCGPIDLLFVLDSSESIGLQNFEIAKDFVVKVIDRLSRDELVKFEPGQSYAGVVQYSHSQMQEHVSLRSPSIRNVQELKEAIKSLQWMAGGTFTGEALQYTRDQLLPPSPNNRIALVITDGRSDTQRDTTPLNVLCSPGIQVVSVGIKDVFDFIPGSDQLNVISCQGLAPSQGRPGLSLVKENYAELLEDAFLKNVTAQICIDKKCPDYTCPITFSSPADITILLDGSASVGSHNFDTTKRFAKRLAERFLTAGRTDPAHDVRV	semi_Nterm	semi_specific
P07996	Thrombospondin-1	1170	IMADSGPIYDK	1131	1141	K	T	K	TYAGGRLGLF	IRVVMYEGKK	GLAWGLGVLFLMHVCGTNRIPESGGDNSVFDIFELTGAARKGSGRRLVKGPDPSSPAFRIEDANLIPPVPDDKFQDLVDAVRAEKGFLLLASLRQMKKTRGTLLALERKDHSGQVFSVVSNGKAGTLDLSLTVQGKQHVVSVEEALLATGQWKSITLFVQEDRAQLYIDCEKMENAELDVPIQSVFTRDLASIARLRIAKGGVNDNFQGVLQNVRFVFGTTPEDILRNKGCSSSTSVLLTLDNNVVNGSSPAIRTNYIGHKTKDLQAICGISCDELSSMVLELRGLRTIVTTLQDSIRKVTEENKELANELRRPPLCYHNGVQYRNNEEWTVDSCTECHCQNSVTICKKVSCPIMPCSNATVPDGECCPRCWPSDSADDGWSPWSEWTSCSTSCGNGIQQRGRSCDSLNNRCEGSSVQTRTCHIQECDKRFKQDGGWSHWSPWSSCSVTCGDGVITRIRLCNSPSPQMNGKPCEGEARETKACKKDACPINGGWGPWSPWDICSVTCGGGVQKRSRLCNNPTPQFGGKDCVGDVTENQICNKQDCPIDGCLSNPCFAGVKCTSYPDGSWKCGACPPGYSGNGIQCTDVDECKEVPDACFNHNGEHRCENTDPGYNCLPCPPRFTGSQPFGQGVEHATANKQVCKPRNPCTDGTHDCNKNAKCNYLGHYSDPMYRCECKPGYAGNGIICGEDTDLDGWPNENLVCVANATYHCKKDNCPNLPNSGQEDYDKDGIGDACDDDDDNDKIPDDRDNCPFHYNPAQYDYDRDDVGDRCDNCPYNHNPDQADTDNNGEGDACAADIDGDGILNERDNCQYVYNVDQRDTDMDGVGDQCDNCPLEHNPDQLDSDSDRIGDTCDNNQDIDEDGHQNNLDNCPYVPNANQADHDKDGKGDACDHDDDNDGIPDDKDNCRLVPNPDQKDSDGDGRGDACKDDFDHDSVPDIDDICPENVDISETDFRRFQMIPLDPKGTSQNDPNWVVRHQGKELVQTVNCDPGLAVGYDEFNAVDFSGTFFINTERDDDYAGFVFGYQSSSRFYVVMWKQVTQSYWDTNPTRAQGYSGLSVKVVNSTTGPGEHLRNALWHTGNTPGQVRTLWHDPRHIGWKDFTAYRWRLSHRPKTGFIRVVMYEGKK	specific	specific
Q9UIV1	CCR4-NOT transcription complex subunit 7	285	GGLQEVAEQLELER	207	220	R	I	K	IGPQHQAGSD	YLMKSCKNLK	PAATVDHSQRICEVWACNLDEEMKKIRQVIRKYNYVAMDTEFPGVVARPIGEFRSNADYQYQLLRCNVDLLKIIQLGLTFMNEQGEYPPGTSTWQFNFKFNLTEDMYAQDSIELLTTSGIQFKKHEEEGIETQYFAELLMTSGVVLCEGVKWLSFHSGYDFGYLIKILTNSNLPEEELDFFEILRLFFPVIYDVKYLMKSCKNLK	specific	specific
P05388	60S acidic ribosomal protein P0	317	IYNPEVLDITEETLHSR	198	214	R	F	S	FLEGVRNVAS	VIQQVFDNGS	PREDRATWKSNYFLKIIQLLDDYPKCFIVGADNVGSKQMQQIRMSLRGKAVVLMGKNTMMRKAIRGHLENNPALEKLLPHIRGNVGFVFTKEDLTEIRDMLLANKVPAAARAGAIAPCEVTVPAQNTGLGPEKTSFFQALGITTKISRGTIEILSDVQLIKTGDKVGASEATLLNMLNISPFSFGLVIQQVFDNGS	semi_Nterm	semi_specific
P02675	Fibrinogen beta chain	491	YGGFTVQNEANK	356	367	K	Y	H	YQISVNKYRG	DWKGDKVKAH	KRMVSWSFHKLKTMKHLLLLLLCVFLVKSQGVNDNEEGFFSARGHRPLDKKREEAPSLRPAPPPISGGGYRARPAKAAATQKKVERKAPDAGGCLHADPDLGVLCPTGCQLQEALLQQERPIRNSVDELNNNVEAVSQTSSSSFQYMYLLKDLWQKRQKQVKDNENVVNEYSSELEKHQLYIDETVNSNIPTNLRVLRSILENLRSKIQKLESDVSAQMEYCRTPCTVSCNIPVVSGKECEEIIRKGGETSEMYLIQPDSSVKPYRVYCDMNTENGGWTVIQNRQDGSVDFGRKWDPYKQGFGNVATNTDGKNYCGLPGEYWLGNDKISQLTRMGPTELLIEMEDWKGDKVKAH	semi_Nterm	semi_specific
Q8NFV4	Protein ABHD11	315	GGAEPRPLPLSYR	46	58	R	L	R	LLDGEAALPA	VAPSSSSGGR	RAGQQLASMLRWTRAWRLPREGLGPHGPSFARVPVAPSSSSGGR	specific	specific
Q9UI10	Translation initiation factor eIF-2B subunit delta	523	SLVHAGVPASYLLIPAASYVLPEVSK	375	400	K	V	R	VLLGAHALLA	PWLEGRHTLR	AAVAVAVREDSGSGMKAELPPGPGAVGREMTKEEKLQLRKEKKQQKKKRKEEKGAEPETGSAVSAAQCQVGPTRELPESGIQLGTPREKVPAGRSKAELRAERRAKQEAERALKQARKGEQGGPPPKASPSTAGETPSGVKRLPEYPQVDDLLLRRLVKKPERQQVPTRKDYGSKVSLFSHLPQYSRQNSLTQFMSIPSSVIHPAMVRLGLQYSQGLVSGSNARCIALLRALQQVIQDYTTPPNEELSRDLVNKLKPYMSFLTQCRPLSASMHNAIKFLNKEITSVGSSKREEEAKSELRAAIDRYVQEKIVLAAQAISRFAYQKISNGDVILVYGCSSLVSRILQEAWTEGRRFRVVVVDSRPWLEGRHTLR	specific	specific
Q9H7C9	Mth938 domain-containing protein	122	ETGTEHSPGVQPADVK	40	55	K	E	R	EVVEKGVQTL	PGGSRTWDWR	TSPEIASLSWGQMKVKGSNTTYKDCKVWPGGSRTWDWR	specific	specific
Q8WX93	Palladin	1383	SLPTPAVLLSPTK	632	644	K	E	K	EPPPLLAKPK	LINGKANSNK	SGTSSHESFYDSLSDMQEESKNTDFFPGLSAFLSQEEINKSLDLARRAIADSETEDFDSEKEISQIFSTSPASLCEHPSHKETKLGEHASRRPQDNRSTPVQPLAEKQTKSISSPVSKRKPAMSPLLTRPSYIRSLRKAEKRGAKTPSTNVKPKTPHQRKGGPQSQLCDKAANLIEELTSIFKAAKPRNRSPNGESSSPDSGYLSPKNQPSALLSASASQSPMEDQGEMEREVKSPGARHCYQDNQDLAVPHNRKSHPQPHSALHFPAAPRFIQKLRSQEVAEGSRVYLECRVTGNPTPRVRWFCEGKELHNTPDIQIHCEGGDLHTLIIAEAFEDDTGRYTCLATNPSGSDTTSAEVFIEGASSTDSDSESLAFKSRAGAMPQAQKKTTSVSLTIGSSSPKTGVTTAVIQPLSVPVQQVHSPTSYLCRPDGTTTAYFPPVFTKELQNTAVAEGQVVVLECRVRGAPPLQVQWFRQGSEIQDSPDFRILQKKPRSTAEPEEICTLVIAETFPEDAGIFTCSARNDYGSATSTAQLVVTSANTENCSYESMGESNNDHFQHFPPPPPILETSSLELASKKPSEIQQVNNPELGLSRAALQMQFNAAERETNGVHPSRGVNGLINGKANSNK	specific	specific
Q9Y4L1	Hypoxia up-regulated protein 1	999	PPAGQTEDAEPISEPEK	943	959	K	V	I	VETGSEPGDT	SASDQGEKVI	ADKVRRQRPRRRVCWALVAVLLADLLALSDTLAVMSVDLGSESMKVAIVKPGVPMEIVLNKESRRKTPVIVTLKENERFFGDSAASMAIKNPKATLRYFQHLLGKQADNPHVALYQARFPEHELTFDPQRQTVHFQISSQLQFSPEEVLGMVLNYSRSLAEDFAEQPIKDAVITVPVFFNQAERRAVLQAARMAGLKVLQLINDNTATALSYGVFRRKDINTTAQNIMFYDMGSGSTVCTIVTYQMVKTKEAGMQPQLQIRGVGFDRTLGGLEMELRLRERLAGLFNEQRKGQRAKDVRENPRAMAKLLREANRLKTVLSANADHMAQIEGLMDDVDFKAKVTRVEFEELCADLFERVPGPVQQALQSAEMSLDEIEQVILVGGATRVPRVQEVLLKAVGKEELGKNINADEAAAMGAVYQAAALSKAFKVKPFVVRDAVVYPILVEFTREVEEEPGIHSLKHNKRVLFSRMGPYPQRKVITFNRYSHDFNFHINYGDLGFLGPEDLRVFGSQNLTTVKLKGVGDSFKKYPDYESKGIKAHFNLDESGVLSLDRVESVFETLVEDSAEEESTLTKLGNTISSLFGGGTTPDAKENGTDTVQEEEESPAEGSKDEPGEQVELKEEAEAPVEDGSQPPPPEPKGDATPEGEKATEKENGDKSEAQKPSEKAEAGPEGVAPAPEGEKKQKPARKRRMVEEIGVELVVLDLPDLPEDKLAQSVQKLQDLTLRDLEKQEREKAANSLEAFIFETQDKLYQPEYQEVSTEEQREEISGKLSAASTWLEDEGVGATTVMLKEKLAELRKLCQGLFFRVEERKKWPERLSALDNLLNHSSMFLKGARLIPEMDQIFTEVEMTTLEKVINETWAWKNATLAEQAKLPATEKPVLLSKDIEAKMMALDREVQYLLNKAKFTKPRPRPKDKNGTRAEPPLNASASDQGEKVI	semi_Nterm	semi_specific
P42704	Leucine-rich PPR motif-containing protein, mitochondrial	1394	PVTEAVFSALVTGHAR	229	244	R	A	L	AGDMENAENI	ILGFMKTKDL	AALLRSARWLLRAGAAPRLPLSLRLLPGGPGRLHAASYLPAARAGPVAGGLLSPARLYAIAAKEKDIQEESTFSSRKISNQFDWALMRLDLSVRRTGRIPKKLLQKVFNDTCRSGGLGGSHALLLLRSCGSLLPELKLEERTEFAHRIWDTLQKLGAVYDVSHYNALLKVYLQNEYKFSPTDFLAKMEEANIQPNRVTYQRLIASYCNVGDIEGASKILGFMKTKDL	semi_Nterm	semi_specific
P35579	Myosin-9	1960	LDPHLVLDQLR	683	693	R	C	K	CNGVLEGIRI	IPNHEKKAGK	AQQAADKYLYVDKNFINNPLAQADWAAKKLVWVPSDKSGFEPASLKEEVGEEAIVELVENGKKVKVNKDDIQKMNPPKFSKVEDMAELTCLNEASVLHNLKERYYSGLIYTYSGLFCVVINPYKNLPIYSEEIVEMYKGKKRHEMPPHIYAITDTAYRSMMQDREDQSILCTGESGAGKTENTKKVIQYLAYVASSHKSKKDQGELERQLLQANPILEAFGNAKTVKNDNSSRFGKFIRINFDVNGYIVGANIETYLLEKSRAIRQAKEERTFHIFYYLLSGAGEHLKTDLLLEPYNKYRFLSNGHVTIPGQQDKDMFQETMEAMRIMGIPEEEQMGLLRVISGVLQLGNIVFKKERNTDQASMPDNTAAQKVSHLLGINVTDFTRGILTPRIKVGRDYVQKAQTKEQADFAIEALAKATYERMFRWLVLRINKALDKTKRQGASFIGILDIAGFEIFDLNSFEQLCINYTNEKLQQLFNHTMFILEQEEYQREGIEWNFIDFGLDLQPCIDLIEKPAGPPGILALLDEECWFPKATDKSFVEKVMQEQGTHPKFQKPKQLKDKADFCIIHYAGKVDYKADEWLMKNMDPLNDNIATLLHQSSDKFVSELWKDVDRIIGLDQVAGMSETALPGAFKTRKGMFRTVGQLYKEQLAKLMATLRNTNPNFVRCIIPNHEKKAGK	specific	specific
P49756	RNA-binding protein 25	843	LLAEGHPDPDAELQR	550	564	R	M	R	MEQEAERRRQ	KEELEEIRQR	SFPPHLNRPPMGIPALPPGIPPPQFPGFPPPVPPGTPMIPVPMSIMAPAPTVLVPTVSMVGKHLGARKDHPGLKAKENDENCGPTTTVFVGNISEKASDMLIRQLLAKCGLVLSWKRVQGASGKLQAFGFCEYKEPESTLRALRLLHDLQIGEKKLLVKVDAKTKAQLDEWKAKKKASNGNARPETVTNDDEEALDEETKRRDQMIKGAIEVLIREYSSELNAPSQESDSHPRKKKKEKKEDIFRRFPVAPLIPYPLITKEDINAIEMEEDKRDLISREISKFRDTHKKLEEEKGKKEKERQEIEKERRERERERERERERREREREREREREREKEKERERERERDRDRDRTKERDRDRDRERDRDRDRERSSDRNKDRSRSREKSRDREREREREREREREREREREREREREREREREREREKDKKRDREEDEEDAYERRKLERKLREKEAAYQERLKNWEIRERKKTREYEKEAEREEERRREMAKEAKRLKEFLEDYDDDRDDPKYYRGSALQKRLRDREKEMEADERDRKREKEELEEIRQR	specific	specific
Q00013	55 kDa erythrocyte membrane protein	466	EYHFISTEEMTR	330	341	R	N	K	NISANEFLEF	PPRKSEEDGK	TLKASEGESGGSMHTALSDLYLEHLLQKRSRPEAVSHPLNTVTEDMYTNGSPAPGSPAQVKGQEVRKVRLIQFEKVTEEPMGITLKLNEKQSCTVARILHGGMIHRQGSLHVGDEILEINGTNVTNHSVDQLQKAMKETKGMISLKVIPNQQSRLPALQMFMRAQFDYDPKKDNLIPCKEAGLKFATGDIIQIINKDDSNWWQGRVEGSSKESAGLIPSPELQEWRVASMAQSAPSEAPSCSPFGKKKKYKDKYLAKHSSIFDQLDVVSYEEVVRLPAFKRKTLVLIGASGVGRSHIKNALLSQNPEKFVYPVPYTTRPPRKSEEDGK	specific	specific
O00268	Transcription initiation factor TFIID subunit 4	1085	GAAGAVTQSLSR	403	414	R	T	K	TPTATTSGIR	APGTPTGLPK	AAGSDLLDEVFFNSEVDEKVVSDLVGSLESQLAASAAHHHHLAPRTPEVRAAAAGALGNHVVSGSPAGAAGAGPAAPAEGAPGAAPEPPPAGRARPGGGGPQRPGPPSPRRPLVPAGPAPPAAKLRPPPEGSAGSCAPVPAAAAVAAGPEPAPAGPAKPAGPAALAARAGPGPGPGPGPGPGPGPGKPAGPGAAQTLNGSAALLNSHHAAAPAVSLVNNGPAALLPLPKPAAPGTVIQTPPFVGAAAPPAPAAPSPPAAPAPAAPAAAPPPPPPAPATLARPPGHPAGPPTAAPAVPPPAAAQNGGSAGAAPAPAPAAGGPAGVSGQPGPGAAAAAPAPGVKAESPKRVVQAAPPAAQTLAASGPASTAASMVIGPTMQGALPSPAAVPPPAPGTPTGLPK	specific	specific
P08311	Cathepsin G	255	ENTQQHITAR	83	92	R	R	R	RAIRHPQYNQ	TLGAHNIQRR	QPLLLLLAFLLPTGAEAGEIIGGRESRPHSRPYMAYLQIQSPAGQSRCGGFLVREDFVLTAAHCWGSNINVTLGAHNIQRR	specific	specific
O75157	TSC22 domain family protein 2	780	HSSTFDQTAER	204	214	R	D	R	DSGLGATGGS	VLTRSGDCIR	SKMPAKKKSCFQITSVTTAQVATSITEDTESLDDPDESRTEDVSSEIFDVSRATDYGPEEVCERSSSEETLNNVGDAETPGTVSPNLLLDGQLAAAAAAPANGGGVVSARSVSGALASTLAAAATSAPAPGAPGGPQLAGSSAGPVTAAPSQPPTTCSSRFRVIKLDHGSGEPYRRGRWTCMEYYERDSDSSVLTRSGDCIR	specific	specific
P31153	S-adenosylmethionine synthase isoform type-2	395	TGMILLAGEITSR	62	74	R	A	K	AAVDYQKVVR	AKVACETVAK	NGQLNGFHEAFIEEGTFLFTSESVGEGHPDKICDQISDAVLDAHLQQDPDAKVACETVAK	specific	specific
Q99832	T-complex protein 1 subunit eta	543	LLDVVHPAAK	68	77	K	T	K	TLVDIAKSQD	ISNDGATILK	MPTPVILLKEGTDSSQGIPQLVSNISACQVIAEAVRTTLGPRGMDKLIVDGRGKATISNDGATILK	specific	specific
P68371	Tubulin beta-4B chain	445	ALTVPELTQQMFDAK	283	297	K	N	R	NMMAACDPRH	LTSRGSQQYR	REIVHLQAGQCGNQIGAKFWEVISDEHGIDPTGTYHGDSDLQLERINVYYNEATGGKYVPRAVLVDLEPGTMDSVRSGPFGQIFRPDNFVFGQSGAGNNWAKGHYTEGAELVDSVLDVVRKEAESCDCLQGFQLTHSLGGGTGSGMGTLLISKIREEYPDRIMNTFSVVPSPKVSDTVVEPYNATLSVHQLVENTDETYCIDNEALYDICFRTLKLTTPTYGDLNHLVSATMSGVTTCLRFPGQLNADLRKLAVNMVPFPRLHFFMPGFAPLTSRGSQQYR	specific	specific
P54259	Atrophin-1	1190	VVDVPSHASQSAR	753	765	R	F	K	FNKHLDRGFN	PARSPSPPPK	KTRQNKDSMSMRSGRKKEAPGPREELRSRGRASPGGVSTSSSDGKAEKSRQTAKKARVEEASTPKVNKQGRSEEISESESEETNAPKKTKTEQELPRPQSPSDLDSLDGRSLNDDGSSDPRDIDQDNRSTSPSIYSPGSVENDSDSSSGLSQGPARPYHPPPLFPPSPQPPDSTPRQPEASFEPHPSVTPTGYHAPMEPPTSRMFQAPPGAPPPHPQLYPGGTGGVLSGPPMGPKGGGAASSVGGPNGGKQHPPPTTPISVSSSGASGAPPTKPPTTPVGGGNLPSAPPPANFPHVTPNLPPPPALRPLNNASASPPGLGAQPLPGHLPSPHAMGQGMGGLPPGPEKGPTLAPSPHSLPPASSSAPAPPMRFPYSSSSSSSAAASSSSSSSSSSASPFPASQALPSYPHSFPPPTSLSVSNQPPKYTQPSLPSQAVWSQGPPPPPPYGRLLANSNAHPGPFPPSTGAQSTAHPPVSTHHHHHQQQQQQQQQQQQQQQQQQQHHGNSGPPPPGAFPHPLEGGSSHHAHPYAMSPSLGSLRPYPPGPAHLPPPHSQVSYSQAGPNGPPVSSSSNSSSSTSQGSYPCSHPSPSQGPQGAPYPFPPVPTVTTSSATLSTVIATVASSPAGYKTASPPGPPPYGKRAPSPGAYKTATPPGYKPGSPPSFRTGTPPGYRGTSPPAGPGTFKPGSPTVGPGPLPPAGPSGLPSLPPPPAAPASGPPLSATQIKQEPAEEYETPESPVPPARSPSPPPK	specific	specific
O95219	Sorting nexin-4	450	YSEFELLR	107	114	R	S	R	SYLLVYYPHI	SVLTDSLWRR	EQAPPDPERQLQPAPLEPLGSPDAGLGAAVGKEAEGAGEESSGVDTMTHNNFWLKKIEISVSEAEKRTGRNAMNMQETYTAYLIETRSVEHTDGQSVLTDSLWRR	specific	specific
Q14498	RNA-binding protein 39	530	IESIQLMMDSETGR	276	289	R	S	R	SKGYGFITFS	LRGIFEPFGR	ADDIDIEAMLEAPYKKDENKLSSANGHEERSKKRKKSKSRSRSHERKRSKSKERKRSRDRERKKSKSRERKRSRSKERRRSRSRSRDRRFRGRYRSPYSGPKFNSAIRGKIGLPHSIKLSRRRSRSKSPFRKDKSPVREPIDNLTPEERDARTVFCMQLAARIRPRDLEEFFSTVGKVRDVRMISDRNSRRSKGIAYVEFVDVSSVPLAIGLTGQRVLGVPIIVQASQAEKNRAAAMANNLQKGSAGPMRLYVGSLHFNITEDMLRGIFEPFGR	specific	specific
Q8TD43	Transient receptor potential cation channel subfamily M member 4	1214	TDPAAVYSLVTR	97	108	R	T	R	TWGFRAPNLV	HSNFLRLSDR	VVPEKEQSWIPKIFKKKTCTTFIVDSTDPGGTLCQCGRPRTAHPAVAMEDAFGAAVVTVWDSDAHTTEKPTDAYGELDFTGAGRKHSNFLRLSDR	specific	specific
Q99952	Tyrosine-protein phosphatase non-receptor type 18	460	SAEEAPLYSK	382	391	K	V	R	VTPRAQRPGA	TGTGTGTGAR	SRSLDSARSFLERLEARGGREGAVLAGEFSDIQACSAAWKADGVCSTVAGSRPENVRKNRYKDVLPYDQTRVILSLLQEEGHSDYINGNFIRGVDGSLAYIATQGPLPHTLLDFWRLVWEFGVKVILMACREIENGRKRCERYWAQEQEPLQTGLFCITLIKEKWLNEDIMLRTLKVTFQKESRSVYQLQYMSWPDRGVPSSPDHMLAMVEEARRLQGSGPEPLCVHCSAGCGRTGVLCTVDYVRQLLLTQMIPPDFSLFDVVLKMRKQRPAAVQTEEQYRFLYHTVAQMFCSTLQNASPHYQNIKENCAPLYDDALFLRTPQALLAIPRPPGGVLRSISVPGSPGHAMADTYAVVQKRGAPAGAGSGTQTGTGTGTGAR	specific	specific
Q9UL03	Integrator complex subunit 6	887	YMLVTFEEPPYAIK	50	63	K	A	R	AGWKENHATF	ARDPASRGDR	PILLFLIDTSASMNQRSHLGTTYLDTAKGAVETFMKLRARDPASRGDR	specific	specific
P08727	Keratin, type I cytoskeletal 19	400	SLLEGQEDHYNNLSA	382	396	A	S	R	SKVL	RLEQEIATYR	TSYSYRQSSATSSFGGLGGGSVRFGPGVAFRAPSIHGGSGGRGVSVSSARFVSSSSSGAYGGGYGGVLTASDGLLAGNEKLTMQNLNDRLASYLDKVRALEAANGELEVKIRDWYQKQGPGPSRDYSHYYTTIQDLRDKILGATIENSRIVLQIDNARLAADDFRTKFETEQALRMSVEADINGLRRVLDELTLARTDLEMQIEGLKEELAYLKKNHEEEISTLRGQVGGQVSVEVDSAPGTDLAKILSDMRSQYEVMAEQNRKDAEAWFTSRTEELNREVAGHTEQLQMSRSEVTDLRRTLQGLEIELQSQLSMKAALEDTLAETEARFGAQLAHIQALISGIEAQLGDVRADSERQNQEYQRLMDIKSRLEQEIATYR	semi_Cterm	semi_specific
Q17RN3	Protein FAM98C	349	AEAWEGAAVAQDLLALGYGGVPGAASR	6	32	R	G	K	GASCPDFRGL	MEAVK	EAVK	specific	specific
P30414	NK-tumor recognition protein	1462	IPDVAPIVSDQK	312	323	K	P	K	PSVSKSGRKI	PVVTAEPEPK	GAQDRPQCHFDIEINREPVGRIMFQLFSDICPKTCKNFLCLCSGEKGLGKTTGKKLCYKGSTFHRVVKNFMIQGGDFSEGNGKGGESIYGGYFKDENFILKHDRAFLLSMANRGKHTNGSQFFITTKPAPHLDGVHVVFGLVISGFEVIEQIENLKTDAASRPYADVRVIDCGVLATKSIKDVFEKKRKKPTHSEGSDSSSNSSSSSESSSESELEHERSRRRKHKRRPKVKRSKKRRKEASSSEEPRNKHAMNPKGHSERSDTNEKRSVDSSAKREKPVVRPEEIPPVPENRFLLRRDMPVVTAEPEPK	specific	specific
Q9NVH0	Exonuclease 3'-5' domain-containing protein 2	621	EFYNTDVVTEEMLQEAASLETR	529	550	R	I	R	ISNENYVPHG	RKEELLQALR	SRQNLVALTVTTLLGVAVGGFVLWKGIQRRRRSKTSPVTQQPQQKVLGSRELPPPEDDQLHSSAPRSSWKERILKAKVVTVSQEAEWDQIEPLLRSELEDFPVLGIDCEWVNLEGKASPLSLLQMASPSGLCVLVRLPKLICGGKTLPRTLLDILADGTILKVGVGCSEDASKLLQDYGLVVRGCLDLRYLAMRQRNNLLCNGLSLKSLAETVLNFPLDKSLLLRCSNWDAETLTEDQVIYAARDAQISVALFLHLLGYPFSRNSPGEKNDDHSSWRKVLEKCQGVVDIPFRSKGMSRLGEEVNGEATESQQKPRNKKSKMDGMVPGNHQGRDPRKHKRKPLGVGYSARKSPLYDNCFLHAPDGQPLCTCDRRKAQWYLDKGIGELVSEEPFVVKLRFEPAGRPESPGDYYLMVKENLCVVCGKRDSYIRKNVIPHEYRKHFPIEMKDHNSHDVLLLCTSCHAISNYYDNHLKQQLAKEFQAPIGSEEGLRLLEDPERRQVRSGARALLNAESLPTQRKEELLQALR	specific	specific
Q9NVG8	TBC1 domain family member 13	400	DNEVLLQIDK	116	125	K	D	K	DVRRLCPDIS	PDSRWNTYFK	SSLHKSRIADFQDVLKEPSIALEKLRELSFSGIPCEGGLRCLCWKILLNYLPLERASWTSILAKQRELYAQFLREMIIQPGIAKANMGVSREDVTFEDHPLNPNPDSRWNTYFK	specific	specific
NA	NA	NA	LSSPATLNSR	NA	NA	NA	NA	NA	NA	NA	NA	specific	specific
Q9Y653	Adhesion G-protein coupled receptor G1	693	LPISSGSTSSSR	681	692	R	I	R	I	PLKSNSDSAR	TPQSLLQTTLFLLSLLFLVQGAHGRGHREDFRFCSQRNQTHRSSLHYKPTPDLRISIENSEEALTVHAPFPAAHPASRSFPDPRGLYHFCLYWNRHAGRLHLLYGKRDFLLSDKASSLLCFQHQEESLAQGPPLLATSVTSWWSPQNISLPSAASFTFSFHSPPHTAAHNASVDMCELKRDLQLLSQFLKHPQKASRRPSAAPASQQLQSLESKLTSVRFMGDMVSFEEDRINATVWKLQPTAGLQDLHIHSRQEEEQSEIMEYSVLLPRTLFQRTKGRSGEAEKRLLLVDFSSQALFQDKNSSQVLGEKVLGIVVQNTKVANLTEPVVLTFQHQLQPKNVTLQCVFWVEDPTLSSPGHWSSAGCETVRRETQTSCFCNHLTYFAVLMVSSVEVDAVHKHYLSLLSYVGCVVSALACLVTIAAYLCSRVPLPCRRKPRDYTIKVHMNLLLAVFLLDTSFLLSEPVALTGSEAGCRASAIFLHFSLLTCLSWMGLEGYNLYRLVVEVFGTYVPGYLLKLSAMGWGFPIFLVTLVALVDVDNYGPIILAVHRTPEGVIYPSMCWIRDSLVSYITNLGLFSLVFLFNMAMLATMVVQILRLRPHTQKWSHVLTLLGLSLVLGLPWALIFFSFASGTFQLVVLYLFSIITSFQGFLIFIWYWSMRLQARGGPSPLKSNSDSAR	specific	specific
O94966	Ubiquitin carboxyl-terminal hydrolase 19	1318	LQEFVLVASK	1029	1038	K	E	R	ELECAEDPGS	LALVWRNNER	SGGASATGPRRGPPGLEDTTSKKKQKDRANQESKDGDPRKETGSRYVAQAGLEPLASGDPSASASHAAGITGSRHRTRLFFPSSSGSASTPQEEQTKEGACEDPHDLLATPTPELLLDWRQSAEEVIVKLRVGVGPLQLEDVDAAFTDTDCVVRFAGGQQWGGVFYAEIKSSCAKVQTRKGSLLHLTLPKKVPMLTWPSLLVEADEQLCIPPLNSQTCLLGSEENLAPLAGEKAVPPGNDPVSPAMVRSRNPGKDDCAKEEMAVAADAATLVDEPESMVNLAFVKNDSYEKGPDSVVVHVYVKEICRDTSRVLFREQDFTLIFQTRDGNFLRLHPGCGPHTTFRWQVKLRNLIEPEQCTFCFTASRIDICLRKRQSQRWGGLEAPAARVGGAKVAVPTGPTPLDSTPPGGAPHPLTGQEEARAVEKDKSKARSEDTGLDSVATRTPMEHVTPKPETHLASPKPTCMVPPMPHSPVSGDSVEEEEEEEKKVCLPGFTGLVNLGNTCFMNSVIQSLSNTRELRDFFHDRSFEAEINYNNPLGTGGRLAIGFAVLLRALWKGTHHAFQPSKLKAIVASKASQFTGYAQHDAQEFMAFLLDGLHEDLNRIQNKPYTETVDSDGRPDEVVAEEAWQRHKMRNDSFIVDLFQGQYKSKLVCPVCAKVSITFDPFLYLPVPLPQKQKVLPVFYFAREPHSKPIKFLVSVSKENSTASEVLDSLSQSVHVKPENLRLAEVIKNRFHRVFLPSHSLDTVSPSDTLLCFELLSSELAKERVVVLEVQQRPQVPSVPISKCAACQRKQQSEDEKLKRCTRCYRVGYCNQLCQKTHWPDHKGLCRPENIGYPFLVSVPASRLTYARLAQLLEGYARYSVSVFQPPFQPGRMALESQSPGCTTLLSTGSLEAGDSERDPIQPPELQLVTPMAEGDTGLPRVWAAPDRGPVPSTSGISSEMLASGPIEVGSLPAGERVSRPEAAVPGYQHPSEAMNAHTPQFFIYKIDSSNREQRLEDKGDTPLELGDDCSLALVWRNNER	specific	specific
Q2PPJ7	Ral GTPase-activating protein subunit alpha-2	1873	KPEVPFFGPLFDGAIVSGK	1787	1805	K	L	K	LLPSLVCATC	NHMFFIAITK	FSRRSHGDVKKSTQKVLDPKKDVLTRLKHLRALLDNVDANDLKQFFETNYSQIYFIFYENFIALENSLKLKGNNKSQREELDSILFLFEKILQFLPERIFFRWHYQSIGSTLKKLLHTGNSIKIRCEGIRLFLLWLQALQTNCAEEQVLIFACLVPGFPAVMSSRGPCTLETLINPSPSVADVKIYPEEITPLLPAISGEKIAEDQTCFFLQILLKYMVIQAASLEWKNKENQDTGFKFLFTLFRKYYLPHLFPSFTKLTNIYKPVLDIPHLRPKPVYITTTRDNENIYSTKIPYMAARVVFIKWIVTFFLEKKYLTATQNTKNGVDVLPKIIQTVGGGAVQERAPELDGGGPTEQDKSHSNSSTLSDRRLSNSSLCSIEEEHRMVYEMVQRILLSTRGYVNFVNEVFHQAFLLPSCEIAVTRKVVQVYRKWILQDKPVFMEEPDRKDVAQEDAEKLGFSETDSKEASSESSGHKRSSSWGRTYSFTSAMSRGCVTEEENTNVKAGVQALLQVFLTNSANIFLLEPCAEVPVLLKEQVDACKAVLIIFRRMIMELTMNKKTWEQMLQILLRITEAVMQKPKDKQIKDLFAQSLAGLLFRTLMVAWIRANLCVYISRELWDDFLGVLSSLTEWEELINEWANIMDSLTAVLARTVYGVEMTNLPLDKLSEQKEKKQRGKGCVLDPQKGTTVGRSFSLSWRSHPDVTEPMRFRSATTSGAPGVEKARNIVRQKATEVEECQQSENAPAAGSGHLTVGQQQQVLRSSSTSDIPEPLCSDSSQGQKAENTQNSSSSEPQPIQENKGHVKREHEGITILVRRSSSPAELDLKDDLQQTQGKCRERQKSESTNSDTTLGCTNEAELSMGPWQTCEEDPELNTPTDVVADADARHWLQLSPTDASNLTDSSECLTDDCSIIAGGSLTGWHPDSAAVLWRRVLGILGDVNNIQSPKIHARVFCYLYELWYKLAKIRDNLAISLDNQSSPSPPVLIPPLRMFASWLFKAATLPNEYKEGKLQAYRLICAMMTRRQDVLPNSDFLVHFYLVMHLGLTSEDQDILNTIIRHCPPRFFSLGFPGFSMLVGDFITAAARVLSTDILTAPRSEAVTVLGSLVCFPNTYQEIPLLQSVPEVNEAITGTEDVKHYLINILLKNATEEPNEYARCIAVCSLGVWICEELAQCTSHPQVKEAINVIGVTLKFPNKIVAQVACDVLQLLVSYWEKLQMFETSLPRKMAEILVATVAFLLPSAEYSSVETDKKFIVSLLLCLLDWCMALPVSVLLHPVSTAVLEEQHSARAPLLDYIYRVLHCCVCGSSTYTQQSHYILTLADLSSTDYDPFLPLANVKSSEPVQYHSSAELGNLLTVEEEKKRRSLELIPLTARMVMAHLVNHLGHYPLSGGPAILHSLVSENHDNAHVEGSELSFEVFRSPNLQLFVFNDSTLISYLQTPTEGPVGGSPVGSLSDVRVIVRDISGKYSWDGKVLYGPLEGCLAPNGRNPSFLISSWHRDTFGPQKDSSQVEEGDDVLDKLLENIGHTSPECLLPSQLNLNEPSLTPCGMNYDQEKEIIEVILRQNAQEDEYIQSHNFDSAMKVTSQGQPSPVEPRGPFYFCRLLLDDLGMNSWDRRKNFHLLKKNSKLLRELKNLDSRQCRETHKIAVFYIAEGQEDKCSILSNERGSQAYEDFVAGLGWEVDLSTHCGFMGGLQRNGSTGQTAPYYATSTVEVIFHVSTRMPSDSDDSLTKKLRHLGNDEVHIVWSEHSRDYRRGIIPTAFGDVSIIIYPMKNHMFFIAITK	specific	specific
Q99447	Ethanolamine-phosphate cytidylyltransferase	389	QIDSGSNLTTDLIVQR	333	348	R	I	R	IITNRLEYEA	QEPKRRGIFR	IRNGRGAAGGAEQPGPGGRRAVRVWCDGCYDMVHYGHSNQLRQARAMGDYLIVGVHTDEEIAKHKGPPVFTQEERYKMVQAIKWVDEVVPAAPYVTTLETLDKYNCDFCVHGNDITLTVDGRDTYEEVKQAGRYRECKRTQGVSTTDLVGRMLLVTKAHHSSQEMSSEYREYADSFGKCPGGRNPWTGVSQFLQTSQKIIQFASGKEPQPGETVIYVAGAFDLFHIGHVDFLEKVHRLAERPYIIAGLHFDQEVNHYKGKNYPIMNLHERTLSVLACRYVSEVVIGAPYAVTAELLSHFKVDLVCHGKTEIIPDRDGSDPYQEPKRRGIFR	specific	specific
Q9UN37	Vacuolar protein sorting-associated protein 4A	437	WNDVAGLEGAK	126	136	K	E	R	EALKEAVILP	AVVMEKPNIR	TTSTLQKAIDLVTKATEEDKAKNYEEALRLYQHAVEYFLHAIKYEAHSDKAKESIRAKCVQYLDRAEKLKDYLRSKEKHGKKPVKENQSEGKGSDSDSEGDNPEKKKLQEQLMGAVVMEKPNIR	specific	specific
